nohup: ignoring input
/home/tod/experiments/amf-sub.py:39: DeprecationWarning: Callback API version 1 is deprecated, update to latest version
  client = mqtt.Client()
Connected! Logging set/cruise to mqtt_log.txt...
[2026-03-23 06:06:23.069] Topic: set/cruise | Payload: 1774245983.0655525
[2026-03-23 06:06:24.069] Topic: set/cruise | Payload: 1774245984.0671756
[2026-03-23 06:06:25.071] Topic: set/cruise | Payload: 1774245985.0693762
[2026-03-23 06:06:26.072] Topic: set/cruise | Payload: 1774245986.0705922
[2026-03-23 06:06:27.073] Topic: set/cruise | Payload: 1774245987.071865
[2026-03-23 06:06:28.076] Topic: set/cruise | Payload: 1774245988.074237
[2026-03-23 06:06:29.076] Topic: set/cruise | Payload: 1774245989.0749
[2026-03-23 06:06:30.078] Topic: set/cruise | Payload: 1774245990.0761445
[2026-03-23 06:06:31.079] Topic: set/cruise | Payload: 1774245991.0770488
[2026-03-23 06:06:32.079] Topic: set/cruise | Payload: 1774245992.0773523
[2026-03-23 06:06:33.080] Topic: set/cruise | Payload: 1774245993.0788622
[2026-03-23 06:06:34.081] Topic: set/cruise | Payload: 1774245994.0791087
[2026-03-23 06:06:35.083] Topic: set/cruise | Payload: 1774245995.0809355
[2026-03-23 06:06:36.084] Topic: set/cruise | Payload: 1774245996.0827801
[2026-03-23 06:06:37.086] Topic: set/cruise | Payload: 1774245997.0844264
[2026-03-23 06:06:38.087] Topic: set/cruise | Payload: 1774245998.0849657
[2026-03-23 06:06:39.088] Topic: set/cruise | Payload: 1774245999.0859973
[2026-03-23 06:06:40.089] Topic: set/cruise | Payload: 1774246000.0867097
[2026-03-23 06:06:41.092] Topic: set/cruise | Payload: 1774246001.0898345
[2026-03-23 06:06:42.093] Topic: set/cruise | Payload: 1774246002.0908468
[2026-03-23 06:06:43.094] Topic: set/cruise | Payload: 1774246003.0918252
[2026-03-23 06:06:44.096] Topic: set/cruise | Payload: 1774246004.0932121
[2026-03-23 06:06:45.096] Topic: set/cruise | Payload: 1774246005.0947208
[2026-03-23 06:06:46.098] Topic: set/cruise | Payload: 1774246006.096087
[2026-03-23 06:06:47.099] Topic: set/cruise | Payload: 1774246007.0970273
[2026-03-23 06:06:48.099] Topic: set/cruise | Payload: 1774246008.097523
[2026-03-23 06:06:49.101] Topic: set/cruise | Payload: 1774246009.098907
[2026-03-23 06:06:50.103] Topic: set/cruise | Payload: 1774246010.1005208
[2026-03-23 06:06:51.103] Topic: set/cruise | Payload: 1774246011.1009657
[2026-03-23 06:06:52.105] Topic: set/cruise | Payload: 1774246012.1027467
[2026-03-23 06:06:53.105] Topic: set/cruise | Payload: 1774246013.1034727
[2026-03-23 06:06:54.107] Topic: set/cruise | Payload: 1774246014.1048303
[2026-03-23 06:06:55.107] Topic: set/cruise | Payload: 1774246015.1058872
[2026-03-23 06:06:56.108] Topic: set/cruise | Payload: 1774246016.1064842
[2026-03-23 06:06:57.110] Topic: set/cruise | Payload: 1774246017.1089365
[2026-03-23 06:06:58.112] Topic: set/cruise | Payload: 1774246018.1104536
[2026-03-23 06:06:59.116] Topic: set/cruise | Payload: 1774246019.1116068
[2026-03-23 06:07:00.114] Topic: set/cruise | Payload: 1774246020.1123588
[2026-03-23 06:07:01.116] Topic: set/cruise | Payload: 1774246021.113679
[2026-03-23 06:07:02.117] Topic: set/cruise | Payload: 1774246022.1155527
[2026-03-23 06:07:03.118] Topic: set/cruise | Payload: 1774246023.1164896
[2026-03-23 06:07:04.120] Topic: set/cruise | Payload: 1774246024.117093
[2026-03-23 06:07:05.124] Topic: set/cruise | Payload: 1774246025.121617
[2026-03-23 06:07:06.126] Topic: set/cruise | Payload: 1774246026.1235363
[2026-03-23 06:07:07.126] Topic: set/cruise | Payload: 1774246027.1244893
[2026-03-23 06:07:08.130] Topic: set/cruise | Payload: 1774246028.1259916
[2026-03-23 06:07:09.129] Topic: set/cruise | Payload: 1774246029.1278615
[2026-03-23 06:07:10.136] Topic: set/cruise | Payload: 1774246030.129654
[2026-03-23 06:07:11.132] Topic: set/cruise | Payload: 1774246031.130391
[2026-03-23 06:07:12.134] Topic: set/cruise | Payload: 1774246032.1320202
[2026-03-23 06:07:13.135] Topic: set/cruise | Payload: 1774246033.1331606
[2026-03-23 06:07:14.139] Topic: set/cruise | Payload: 1774246034.1354291
[2026-03-23 06:07:15.138] Topic: set/cruise | Payload: 1774246035.1360373
[2026-03-23 06:07:16.138] Topic: set/cruise | Payload: 1774246036.1367095
[2026-03-23 06:07:17.141] Topic: set/cruise | Payload: 1774246037.1387453
[2026-03-23 06:07:18.142] Topic: set/cruise | Payload: 1774246038.1396875
[2026-03-23 06:07:19.144] Topic: set/cruise | Payload: 1774246039.1419897
[2026-03-23 06:07:20.144] Topic: set/cruise | Payload: 1774246040.1424727
[2026-03-23 06:07:21.146] Topic: set/cruise | Payload: 1774246041.1436698
[2026-03-23 06:07:22.148] Topic: set/cruise | Payload: 1774246042.1456413
[2026-03-23 06:07:23.150] Topic: set/cruise | Payload: 1774246043.1478875
[2026-03-23 06:07:24.155] Topic: set/cruise | Payload: 1774246044.1526453
[2026-03-23 06:07:25.155] Topic: set/cruise | Payload: 1774246045.153339
[2026-03-23 06:07:26.160] Topic: set/cruise | Payload: 1774246046.1558473
[2026-03-23 06:07:27.159] Topic: set/cruise | Payload: 1774246047.1573699
[2026-03-23 06:07:28.160] Topic: set/cruise | Payload: 1774246048.1581893
[2026-03-23 06:07:29.165] Topic: set/cruise | Payload: 1774246049.1629348
[2026-03-23 06:07:30.167] Topic: set/cruise | Payload: 1774246050.1651247
[2026-03-23 06:07:31.168] Topic: set/cruise | Payload: 1774246051.1655998
[2026-03-23 06:07:32.170] Topic: set/cruise | Payload: 1774246052.1681454
[2026-03-23 06:07:33.171] Topic: set/cruise | Payload: 1774246053.168945
[2026-03-23 06:07:34.172] Topic: set/cruise | Payload: 1774246054.1697245
[2026-03-23 06:07:35.173] Topic: set/cruise | Payload: 1774246055.1703494
[2026-03-23 06:07:36.175] Topic: set/cruise | Payload: 1774246056.173755
[2026-03-23 06:07:37.177] Topic: set/cruise | Payload: 1774246057.1752284
[2026-03-23 06:07:38.178] Topic: set/cruise | Payload: 1774246058.176023
[2026-03-23 06:07:39.182] Topic: set/cruise | Payload: 1774246059.1796002
[2026-03-23 06:07:40.181] Topic: set/cruise | Payload: 1774246060.1799963
[2026-03-23 06:07:41.187] Topic: set/cruise | Payload: 1774246061.1854854
[2026-03-23 06:07:42.188] Topic: set/cruise | Payload: 1774246062.186665
[2026-03-23 06:07:43.190] Topic: set/cruise | Payload: 1774246063.188459
[2026-03-23 06:07:44.194] Topic: set/cruise | Payload: 1774246064.1890483
[2026-03-23 06:07:45.192] Topic: set/cruise | Payload: 1774246065.1899738
[2026-03-23 06:07:46.194] Topic: set/cruise | Payload: 1774246066.192032
[2026-03-23 06:07:47.195] Topic: set/cruise | Payload: 1774246067.1930544
[2026-03-23 06:07:48.200] Topic: set/cruise | Payload: 1774246068.1987174
[2026-03-23 06:07:49.203] Topic: set/cruise | Payload: 1774246069.201242
[2026-03-23 06:07:50.205] Topic: set/cruise | Payload: 1774246070.2029328
[2026-03-23 06:07:51.206] Topic: set/cruise | Payload: 1774246071.2036169
[2026-03-23 06:07:52.208] Topic: set/cruise | Payload: 1774246072.2048826
[2026-03-23 06:07:53.211] Topic: set/cruise | Payload: 1774246073.2095938
[2026-03-23 06:07:54.212] Topic: set/cruise | Payload: 1774246074.2106287
[2026-03-23 06:07:55.218] Topic: set/cruise | Payload: 1774246075.2155561
[2026-03-23 06:07:56.221] Topic: set/cruise | Payload: 1774246076.2185469
[2026-03-23 06:07:57.222] Topic: set/cruise | Payload: 1774246077.2201371
[2026-03-23 06:07:58.223] Topic: set/cruise | Payload: 1774246078.2212884
[2026-03-23 06:07:59.229] Topic: set/cruise | Payload: 1774246079.22634
[2026-03-23 06:08:00.231] Topic: set/cruise | Payload: 1774246080.2282398
[2026-03-23 06:08:01.232] Topic: set/cruise | Payload: 1774246081.2290378
[2026-03-23 06:08:02.233] Topic: set/cruise | Payload: 1774246082.2314265
[2026-03-23 06:08:03.239] Topic: set/cruise | Payload: 1774246083.2371411
[2026-03-23 06:08:04.241] Topic: set/cruise | Payload: 1774246084.2386212
[2026-03-23 06:08:05.242] Topic: set/cruise | Payload: 1774246085.2398787
[2026-03-23 06:08:06.247] Topic: set/cruise | Payload: 1774246086.2435322
[2026-03-23 06:08:07.248] Topic: set/cruise | Payload: 1774246087.2446084
[2026-03-23 06:08:08.250] Topic: set/cruise | Payload: 1774246088.2475748
[2026-03-23 06:08:09.252] Topic: set/cruise | Payload: 1774246089.2492845
[2026-03-23 06:08:10.255] Topic: set/cruise | Payload: 1774246090.2503
[2026-03-23 06:08:11.257] Topic: set/cruise | Payload: 1774246091.2532682
[2026-03-23 06:08:12.258] Topic: set/cruise | Payload: 1774246092.2549891
[2026-03-23 06:08:13.260] Topic: set/cruise | Payload: 1774246093.2575831
[2026-03-23 06:08:14.263] Topic: set/cruise | Payload: 1774246094.2597287
[2026-03-23 06:08:15.263] Topic: set/cruise | Payload: 1774246095.2599692
[2026-03-23 06:08:16.263] Topic: set/cruise | Payload: 1774246096.2611682
[2026-03-23 06:08:17.264] Topic: set/cruise | Payload: 1774246097.2621047
[2026-03-23 06:08:18.266] Topic: set/cruise | Payload: 1774246098.2626195
[2026-03-23 06:08:19.268] Topic: set/cruise | Payload: 1774246099.2648492
[2026-03-23 06:08:20.270] Topic: set/cruise | Payload: 1774246100.2668774
[2026-03-23 06:08:21.271] Topic: set/cruise | Payload: 1774246101.268049
[2026-03-23 06:08:22.277] Topic: set/cruise | Payload: 1774246102.273914
[2026-03-23 06:08:23.280] Topic: set/cruise | Payload: 1774246103.2757297
[2026-03-23 06:08:24.279] Topic: set/cruise | Payload: 1774246104.2761724
[2026-03-23 06:08:25.281] Topic: set/cruise | Payload: 1774246105.2773147
[2026-03-23 06:08:26.281] Topic: set/cruise | Payload: 1774246106.279091
[2026-03-23 06:08:27.284] Topic: set/cruise | Payload: 1774246107.2814815
[2026-03-23 06:08:28.288] Topic: set/cruise | Payload: 1774246108.2833135
[2026-03-23 06:08:29.291] Topic: set/cruise | Payload: 1774246109.286047
[2026-03-23 06:08:30.299] Topic: set/cruise | Payload: 1774246110.2872496
[2026-03-23 06:08:31.292] Topic: set/cruise | Payload: 1774246111.2878766
[2026-03-23 06:08:32.293] Topic: set/cruise | Payload: 1774246112.2891226
[2026-03-23 06:08:33.293] Topic: set/cruise | Payload: 1774246113.2906315
[2026-03-23 06:08:34.298] Topic: set/cruise | Payload: 1774246114.2940462
[2026-03-23 06:08:35.302] Topic: set/cruise | Payload: 1774246115.2975214
[2026-03-23 06:08:36.303] Topic: set/cruise | Payload: 1774246116.2992783
[2026-03-23 06:08:37.304] Topic: set/cruise | Payload: 1774246117.300394
[2026-03-23 06:08:38.305] Topic: set/cruise | Payload: 1774246118.301623
[2026-03-23 06:08:39.304] Topic: set/cruise | Payload: 1774246119.301915
[2026-03-23 06:08:40.306] Topic: set/cruise | Payload: 1774246120.3038218
[2026-03-23 06:08:41.310] Topic: set/cruise | Payload: 1774246121.3061883
[2026-03-23 06:08:42.310] Topic: set/cruise | Payload: 1774246122.3075914
[2026-03-23 06:08:43.311] Topic: set/cruise | Payload: 1774246123.3096247
[2026-03-23 06:08:44.315] Topic: set/cruise | Payload: 1774246124.3115053
[2026-03-23 06:08:45.316] Topic: set/cruise | Payload: 1774246125.312498
[2026-03-23 06:08:46.316] Topic: set/cruise | Payload: 1774246126.3130686
[2026-03-23 06:08:47.319] Topic: set/cruise | Payload: 1774246127.314374
[2026-03-23 06:08:48.318] Topic: set/cruise | Payload: 1774246128.3160884
[2026-03-23 06:08:49.321] Topic: set/cruise | Payload: 1774246129.317165
[2026-03-23 06:08:50.322] Topic: set/cruise | Payload: 1774246130.3192832
[2026-03-23 06:08:51.324] Topic: set/cruise | Payload: 1774246131.320128
[2026-03-23 06:08:52.325] Topic: set/cruise | Payload: 1774246132.3213642
[2026-03-23 06:08:53.328] Topic: set/cruise | Payload: 1774246133.3247213
[2026-03-23 06:08:54.330] Topic: set/cruise | Payload: 1774246134.3261669
[2026-03-23 06:08:55.334] Topic: set/cruise | Payload: 1774246135.3285527
[2026-03-23 06:08:56.334] Topic: set/cruise | Payload: 1774246136.3311832
[2026-03-23 06:08:57.343] Topic: set/cruise | Payload: 1774246137.3384984
[2026-03-23 06:08:58.343] Topic: set/cruise | Payload: 1774246138.3402708
[2026-03-23 06:08:59.346] Topic: set/cruise | Payload: 1774246139.3410957
[2026-03-23 06:09:00.346] Topic: set/cruise | Payload: 1774246140.344221
[2026-03-23 06:09:01.349] Topic: set/cruise | Payload: 1774246141.3459136
[2026-03-23 06:09:02.350] Topic: set/cruise | Payload: 1774246142.3475974
[2026-03-23 06:09:03.352] Topic: set/cruise | Payload: 1774246143.3499765
[2026-03-23 06:09:04.355] Topic: set/cruise | Payload: 1774246144.3504355
[2026-03-23 06:09:05.354] Topic: set/cruise | Payload: 1774246145.351978
[2026-03-23 06:09:06.356] Topic: set/cruise | Payload: 1774246146.3535178
[2026-03-23 06:09:07.360] Topic: set/cruise | Payload: 1774246147.357634
[2026-03-23 06:09:08.361] Topic: set/cruise | Payload: 1774246148.3587577
[2026-03-23 06:09:09.364] Topic: set/cruise | Payload: 1774246149.3614185
[2026-03-23 06:09:10.367] Topic: set/cruise | Payload: 1774246150.363909
[2026-03-23 06:09:11.369] Topic: set/cruise | Payload: 1774246151.3658736
[2026-03-23 06:09:12.371] Topic: set/cruise | Payload: 1774246152.367622
[2026-03-23 06:09:13.371] Topic: set/cruise | Payload: 1774246153.3681648
[2026-03-23 06:09:14.372] Topic: set/cruise | Payload: 1774246154.36936
[2026-03-23 06:09:15.373] Topic: set/cruise | Payload: 1774246155.3708105
[2026-03-23 06:09:16.376] Topic: set/cruise | Payload: 1774246156.373455
[2026-03-23 06:09:17.377] Topic: set/cruise | Payload: 1774246157.374885
[2026-03-23 06:09:18.380] Topic: set/cruise | Payload: 1774246158.3774247
[2026-03-23 06:09:19.381] Topic: set/cruise | Payload: 1774246159.379549
[2026-03-23 06:09:20.385] Topic: set/cruise | Payload: 1774246160.38145
[2026-03-23 06:09:21.385] Topic: set/cruise | Payload: 1774246161.3825276
[2026-03-23 06:09:22.387] Topic: set/cruise | Payload: 1774246162.3845737
[2026-03-23 06:09:23.388] Topic: set/cruise | Payload: 1774246163.3850708
[2026-03-23 06:09:24.389] Topic: set/cruise | Payload: 1774246164.3863678
[2026-03-23 06:09:25.390] Topic: set/cruise | Payload: 1774246165.3870707
[2026-03-23 06:09:26.390] Topic: set/cruise | Payload: 1774246166.387742
[2026-03-23 06:09:27.392] Topic: set/cruise | Payload: 1774246167.3896496
[2026-03-23 06:09:28.395] Topic: set/cruise | Payload: 1774246168.391489
[2026-03-23 06:09:29.394] Topic: set/cruise | Payload: 1774246169.3919373
[2026-03-23 06:09:30.395] Topic: set/cruise | Payload: 1774246170.393434
[2026-03-23 06:09:31.398] Topic: set/cruise | Payload: 1774246171.3949006
[2026-03-23 06:09:32.398] Topic: set/cruise | Payload: 1774246172.3959582
[2026-03-23 06:09:33.401] Topic: set/cruise | Payload: 1774246173.3971682
[2026-03-23 06:09:34.402] Topic: set/cruise | Payload: 1774246174.3987346
[2026-03-23 06:09:35.402] Topic: set/cruise | Payload: 1774246175.399094
[2026-03-23 06:09:36.402] Topic: set/cruise | Payload: 1774246176.3996236
[2026-03-23 06:09:37.404] Topic: set/cruise | Payload: 1774246177.4017866
[2026-03-23 06:09:38.405] Topic: set/cruise | Payload: 1774246178.4028778
[2026-03-23 06:09:39.406] Topic: set/cruise | Payload: 1774246179.4037097
[2026-03-23 06:09:40.407] Topic: set/cruise | Payload: 1774246180.4042816
[2026-03-23 06:09:41.407] Topic: set/cruise | Payload: 1774246181.4049857
[2026-03-23 06:09:42.410] Topic: set/cruise | Payload: 1774246182.4065876
[2026-03-23 06:09:43.411] Topic: set/cruise | Payload: 1774246183.4086661
[2026-03-23 06:09:44.414] Topic: set/cruise | Payload: 1774246184.4117951
[2026-03-23 06:09:45.416] Topic: set/cruise | Payload: 1774246185.4137623
[2026-03-23 06:09:46.418] Topic: set/cruise | Payload: 1774246186.4149497
[2026-03-23 06:09:47.420] Topic: set/cruise | Payload: 1774246187.4162598
[2026-03-23 06:09:48.421] Topic: set/cruise | Payload: 1774246188.4176366
[2026-03-23 06:09:49.421] Topic: set/cruise | Payload: 1774246189.4186301
[2026-03-23 06:09:50.423] Topic: set/cruise | Payload: 1774246190.4208035
[2026-03-23 06:09:51.425] Topic: set/cruise | Payload: 1774246191.422487
[2026-03-23 06:09:52.428] Topic: set/cruise | Payload: 1774246192.4253407
[2026-03-23 06:09:53.430] Topic: set/cruise | Payload: 1774246193.4273608
[2026-03-23 06:09:54.434] Topic: set/cruise | Payload: 1774246194.4318864
[2026-03-23 06:09:55.439] Topic: set/cruise | Payload: 1774246195.434465
[2026-03-23 06:09:56.439] Topic: set/cruise | Payload: 1774246196.4361298
[2026-03-23 06:09:57.441] Topic: set/cruise | Payload: 1774246197.437477
[2026-03-23 06:09:58.441] Topic: set/cruise | Payload: 1774246198.438258
[2026-03-23 06:09:59.444] Topic: set/cruise | Payload: 1774246199.4412088
[2026-03-23 06:10:00.447] Topic: set/cruise | Payload: 1774246200.4434478
[2026-03-23 06:10:01.451] Topic: set/cruise | Payload: 1774246201.448357
[2026-03-23 06:10:02.457] Topic: set/cruise | Payload: 1774246202.450701
[2026-03-23 06:10:03.458] Topic: set/cruise | Payload: 1774246203.4541893
[2026-03-23 06:10:04.458] Topic: set/cruise | Payload: 1774246204.4551404
[2026-03-23 06:10:05.461] Topic: set/cruise | Payload: 1774246205.4562905
[2026-03-23 06:10:06.460] Topic: set/cruise | Payload: 1774246206.45723
[2026-03-23 06:10:07.463] Topic: set/cruise | Payload: 1774246207.4597623
[2026-03-23 06:10:08.465] Topic: set/cruise | Payload: 1774246208.460976
[2026-03-23 06:10:09.466] Topic: set/cruise | Payload: 1774246209.4628508
[2026-03-23 06:10:10.467] Topic: set/cruise | Payload: 1774246210.4642513
[2026-03-23 06:10:11.469] Topic: set/cruise | Payload: 1774246211.4668007
[2026-03-23 06:10:12.472] Topic: set/cruise | Payload: 1774246212.4676526
[2026-03-23 06:10:13.473] Topic: set/cruise | Payload: 1774246213.4702225
[2026-03-23 06:10:14.474] Topic: set/cruise | Payload: 1774246214.471457
[2026-03-23 06:10:15.475] Topic: set/cruise | Payload: 1774246215.4726548
[2026-03-23 06:10:16.477] Topic: set/cruise | Payload: 1774246216.4743333
[2026-03-23 06:10:17.478] Topic: set/cruise | Payload: 1774246217.4750965
[2026-03-23 06:10:18.478] Topic: set/cruise | Payload: 1774246218.476186
[2026-03-23 06:10:19.480] Topic: set/cruise | Payload: 1774246219.4774845
[2026-03-23 06:10:20.483] Topic: set/cruise | Payload: 1774246220.478883
[2026-03-23 06:10:21.487] Topic: set/cruise | Payload: 1774246221.4834728
[2026-03-23 06:10:22.488] Topic: set/cruise | Payload: 1774246222.484389
[2026-03-23 06:10:23.488] Topic: set/cruise | Payload: 1774246223.484977
[2026-03-23 06:10:24.489] Topic: set/cruise | Payload: 1774246224.4862225
[2026-03-23 06:10:25.492] Topic: set/cruise | Payload: 1774246225.4890244
[2026-03-23 06:10:26.495] Topic: set/cruise | Payload: 1774246226.4915378
[2026-03-23 06:10:27.495] Topic: set/cruise | Payload: 1774246227.4924974
[2026-03-23 06:10:28.499] Topic: set/cruise | Payload: 1774246228.4961846
[2026-03-23 06:10:29.500] Topic: set/cruise | Payload: 1774246229.497009
[2026-03-23 06:10:30.505] Topic: set/cruise | Payload: 1774246230.5003715
[2026-03-23 06:10:31.506] Topic: set/cruise | Payload: 1774246231.5019362
[2026-03-23 06:10:32.508] Topic: set/cruise | Payload: 1774246232.5034792
[2026-03-23 06:10:33.507] Topic: set/cruise | Payload: 1774246233.5043657
[2026-03-23 06:10:34.509] Topic: set/cruise | Payload: 1774246234.5063856
[2026-03-23 06:10:35.512] Topic: set/cruise | Payload: 1774246235.507288
[2026-03-23 06:10:36.512] Topic: set/cruise | Payload: 1774246236.5083737
[2026-03-23 06:10:37.515] Topic: set/cruise | Payload: 1774246237.5102859
[2026-03-23 06:10:38.517] Topic: set/cruise | Payload: 1774246238.5125806
[2026-03-23 06:10:39.517] Topic: set/cruise | Payload: 1774246239.5143137
[2026-03-23 06:10:40.523] Topic: set/cruise | Payload: 1774246240.516175
[2026-03-23 06:10:41.523] Topic: set/cruise | Payload: 1774246241.5184298
[2026-03-23 06:10:42.529] Topic: set/cruise | Payload: 1774246242.526909
[2026-03-23 06:10:43.533] Topic: set/cruise | Payload: 1774246243.5304003
[2026-03-23 06:10:44.534] Topic: set/cruise | Payload: 1774246244.5317109
[2026-03-23 06:10:45.537] Topic: set/cruise | Payload: 1774246245.5332994
[2026-03-23 06:10:46.540] Topic: set/cruise | Payload: 1774246246.534743
[2026-03-23 06:10:47.539] Topic: set/cruise | Payload: 1774246247.5363822
[2026-03-23 06:10:48.540] Topic: set/cruise | Payload: 1774246248.537324
[2026-03-23 06:10:49.546] Topic: set/cruise | Payload: 1774246249.5414493
[2026-03-23 06:10:50.546] Topic: set/cruise | Payload: 1774246250.5433605
[2026-03-23 06:10:51.553] Topic: set/cruise | Payload: 1774246251.548351
[2026-03-23 06:10:52.553] Topic: set/cruise | Payload: 1774246252.551169
[2026-03-23 06:10:53.558] Topic: set/cruise | Payload: 1774246253.5547092
[2026-03-23 06:10:54.559] Topic: set/cruise | Payload: 1774246254.5557995
[2026-03-23 06:10:55.563] Topic: set/cruise | Payload: 1774246255.5596492
[2026-03-23 06:10:56.564] Topic: set/cruise | Payload: 1774246256.5614042
[2026-03-23 06:10:57.565] Topic: set/cruise | Payload: 1774246257.5621395
[2026-03-23 06:10:58.568] Topic: set/cruise | Payload: 1774246258.5637171
[2026-03-23 06:10:59.568] Topic: set/cruise | Payload: 1774246259.5653567
[2026-03-23 06:11:00.569] Topic: set/cruise | Payload: 1774246260.566981
[2026-03-23 06:11:01.571] Topic: set/cruise | Payload: 1774246261.5681872
[2026-03-23 06:11:02.573] Topic: set/cruise | Payload: 1774246262.5692775
[2026-03-23 06:11:03.573] Topic: set/cruise | Payload: 1774246263.5701962
[2026-03-23 06:11:04.577] Topic: set/cruise | Payload: 1774246264.5728822
[2026-03-23 06:11:05.579] Topic: set/cruise | Payload: 1774246265.5745804
[2026-03-23 06:11:06.577] Topic: set/cruise | Payload: 1774246266.5756464
[2026-03-23 06:11:07.579] Topic: set/cruise | Payload: 1774246267.576431
[2026-03-23 06:11:08.581] Topic: set/cruise | Payload: 1774246268.578276
[2026-03-23 06:11:09.584] Topic: set/cruise | Payload: 1774246269.5809975
[2026-03-23 06:11:10.586] Topic: set/cruise | Payload: 1774246270.5829139
[2026-03-23 06:11:11.591] Topic: set/cruise | Payload: 1774246271.5864198
[2026-03-23 06:11:12.590] Topic: set/cruise | Payload: 1774246272.5874355
[2026-03-23 06:11:13.592] Topic: set/cruise | Payload: 1774246273.588722
[2026-03-23 06:11:14.595] Topic: set/cruise | Payload: 1774246274.5906246
[2026-03-23 06:11:15.594] Topic: set/cruise | Payload: 1774246275.5914097
[2026-03-23 06:11:16.596] Topic: set/cruise | Payload: 1774246276.5933626
[2026-03-23 06:11:17.600] Topic: set/cruise | Payload: 1774246277.5959432
[2026-03-23 06:11:18.601] Topic: set/cruise | Payload: 1774246278.5970676
[2026-03-23 06:11:19.608] Topic: set/cruise | Payload: 1774246279.5983837
[2026-03-23 06:11:20.604] Topic: set/cruise | Payload: 1774246280.600243
[2026-03-23 06:11:21.604] Topic: set/cruise | Payload: 1774246281.6011748
[2026-03-23 06:11:22.605] Topic: set/cruise | Payload: 1774246282.6026022
[2026-03-23 06:11:23.606] Topic: set/cruise | Payload: 1774246283.60395
[2026-03-23 06:11:24.608] Topic: set/cruise | Payload: 1774246284.6050003
[2026-03-23 06:11:25.608] Topic: set/cruise | Payload: 1774246285.6055312
[2026-03-23 06:11:26.609] Topic: set/cruise | Payload: 1774246286.6067708
[2026-03-23 06:11:27.610] Topic: set/cruise | Payload: 1774246287.6078196
[2026-03-23 06:11:28.612] Topic: set/cruise | Payload: 1774246288.6090956
[2026-03-23 06:11:29.613] Topic: set/cruise | Payload: 1774246289.610034
[2026-03-23 06:11:30.613] Topic: set/cruise | Payload: 1774246290.6105843
[2026-03-23 06:11:31.614] Topic: set/cruise | Payload: 1774246291.6110785
[2026-03-23 06:11:32.615] Topic: set/cruise | Payload: 1774246292.611919
[2026-03-23 06:11:33.616] Topic: set/cruise | Payload: 1774246293.613022
[2026-03-23 06:11:34.618] Topic: set/cruise | Payload: 1774246294.6144571
[2026-03-23 06:11:35.619] Topic: set/cruise | Payload: 1774246295.6161473
[2026-03-23 06:11:36.619] Topic: set/cruise | Payload: 1774246296.6170635
[2026-03-23 06:11:37.623] Topic: set/cruise | Payload: 1774246297.617597
[2026-03-23 06:11:38.622] Topic: set/cruise | Payload: 1774246298.6188467
[2026-03-23 06:11:39.623] Topic: set/cruise | Payload: 1774246299.6209006
[2026-03-23 06:11:40.626] Topic: set/cruise | Payload: 1774246300.6225543
[2026-03-23 06:11:41.628] Topic: set/cruise | Payload: 1774246301.6236577
[2026-03-23 06:11:42.628] Topic: set/cruise | Payload: 1774246302.6251647
[2026-03-23 06:11:43.629] Topic: set/cruise | Payload: 1774246303.6260195
[2026-03-23 06:11:44.629] Topic: set/cruise | Payload: 1774246304.6264455
[2026-03-23 06:11:45.630] Topic: set/cruise | Payload: 1774246305.6269808
[2026-03-23 06:11:46.630] Topic: set/cruise | Payload: 1774246306.627839
[2026-03-23 06:11:47.631] Topic: set/cruise | Payload: 1774246307.629149
[2026-03-23 06:11:48.632] Topic: set/cruise | Payload: 1774246308.6294827
[2026-03-23 06:11:49.635] Topic: set/cruise | Payload: 1774246309.629704
[2026-03-23 06:11:50.633] Topic: set/cruise | Payload: 1774246310.6312435
[2026-03-23 06:11:51.635] Topic: set/cruise | Payload: 1774246311.6322067
[2026-03-23 06:11:52.635] Topic: set/cruise | Payload: 1774246312.6331904
[2026-03-23 06:11:53.638] Topic: set/cruise | Payload: 1774246313.635756
[2026-03-23 06:11:54.639] Topic: set/cruise | Payload: 1774246314.6370244
[2026-03-23 06:11:55.640] Topic: set/cruise | Payload: 1774246315.6378381
[2026-03-23 06:11:56.640] Topic: set/cruise | Payload: 1774246316.6380887
[2026-03-23 06:11:57.641] Topic: set/cruise | Payload: 1774246317.639025
[2026-03-23 06:11:58.642] Topic: set/cruise | Payload: 1774246318.6403654
[2026-03-23 06:11:59.645] Topic: set/cruise | Payload: 1774246319.641217
[2026-03-23 06:12:00.645] Topic: set/cruise | Payload: 1774246320.6426122
[2026-03-23 06:12:01.647] Topic: set/cruise | Payload: 1774246321.6436155
[2026-03-23 06:12:02.648] Topic: set/cruise | Payload: 1774246322.6453888
[2026-03-23 06:12:03.649] Topic: set/cruise | Payload: 1774246323.64707
[2026-03-23 06:12:04.653] Topic: set/cruise | Payload: 1774246324.6482422
[2026-03-23 06:12:05.653] Topic: set/cruise | Payload: 1774246325.6495771
[2026-03-23 06:12:06.655] Topic: set/cruise | Payload: 1774246326.6519952
[2026-03-23 06:12:07.659] Topic: set/cruise | Payload: 1774246327.653146
[2026-03-23 06:12:08.656] Topic: set/cruise | Payload: 1774246328.6534922
[2026-03-23 06:12:09.657] Topic: set/cruise | Payload: 1774246329.6542702
[2026-03-23 06:12:10.657] Topic: set/cruise | Payload: 1774246330.6555922
[2026-03-23 06:12:11.659] Topic: set/cruise | Payload: 1774246331.656803
[2026-03-23 06:12:12.660] Topic: set/cruise | Payload: 1774246332.658262
[2026-03-23 06:12:13.662] Topic: set/cruise | Payload: 1774246333.6600206
[2026-03-23 06:12:14.663] Topic: set/cruise | Payload: 1774246334.6610806
[2026-03-23 06:12:15.666] Topic: set/cruise | Payload: 1774246335.663713
[2026-03-23 06:12:16.667] Topic: set/cruise | Payload: 1774246336.6654837
[2026-03-23 06:12:17.668] Topic: set/cruise | Payload: 1774246337.665966
[2026-03-23 06:12:18.670] Topic: set/cruise | Payload: 1774246338.6673508
[2026-03-23 06:12:19.673] Topic: set/cruise | Payload: 1774246339.669843
[2026-03-23 06:12:20.673] Topic: set/cruise | Payload: 1774246340.6711354
[2026-03-23 06:12:21.675] Topic: set/cruise | Payload: 1774246341.6723268
[2026-03-23 06:12:22.678] Topic: set/cruise | Payload: 1774246342.6734352
[2026-03-23 06:12:23.678] Topic: set/cruise | Payload: 1774246343.675274
[2026-03-23 06:12:24.679] Topic: set/cruise | Payload: 1774246344.676398
[2026-03-23 06:12:25.681] Topic: set/cruise | Payload: 1774246345.677837
[2026-03-23 06:12:26.682] Topic: set/cruise | Payload: 1774246346.6789215
[2026-03-23 06:12:27.685] Topic: set/cruise | Payload: 1774246347.680127
[2026-03-23 06:12:28.686] Topic: set/cruise | Payload: 1774246348.6822894
[2026-03-23 06:12:29.686] Topic: set/cruise | Payload: 1774246349.684342
[2026-03-23 06:12:30.697] Topic: set/cruise | Payload: 1774246350.6860101
[2026-03-23 06:12:31.690] Topic: set/cruise | Payload: 1774246351.6879416
[2026-03-23 06:12:32.691] Topic: set/cruise | Payload: 1774246352.689144
[2026-03-23 06:12:33.693] Topic: set/cruise | Payload: 1774246353.690806
[2026-03-23 06:12:34.694] Topic: set/cruise | Payload: 1774246354.6921566
[2026-03-23 06:12:35.697] Topic: set/cruise | Payload: 1774246355.6950703
[2026-03-23 06:12:36.698] Topic: set/cruise | Payload: 1774246356.6971157
[2026-03-23 06:12:37.701] Topic: set/cruise | Payload: 1774246357.6990402
[2026-03-23 06:12:38.702] Topic: set/cruise | Payload: 1774246358.7004063
[2026-03-23 06:12:39.704] Topic: set/cruise | Payload: 1774246359.7018485
[2026-03-23 06:12:40.705] Topic: set/cruise | Payload: 1774246360.7030578
[2026-03-23 06:12:41.709] Topic: set/cruise | Payload: 1774246361.70579
[2026-03-23 06:12:42.710] Topic: set/cruise | Payload: 1774246362.707425
[2026-03-23 06:12:43.744] Topic: set/cruise | Payload: 1774246363.7084808
[2026-03-23 06:12:44.713] Topic: set/cruise | Payload: 1774246364.7102318
[2026-03-23 06:12:45.714] Topic: set/cruise | Payload: 1774246365.7120206
[2026-03-23 06:12:46.715] Topic: set/cruise | Payload: 1774246366.713002
[2026-03-23 06:12:47.716] Topic: set/cruise | Payload: 1774246367.714232
[2026-03-23 06:12:48.718] Topic: set/cruise | Payload: 1774246368.715813
[2026-03-23 06:12:49.719] Topic: set/cruise | Payload: 1774246369.7169707
[2026-03-23 06:12:50.722] Topic: set/cruise | Payload: 1774246370.7193496
[2026-03-23 06:12:51.724] Topic: set/cruise | Payload: 1774246371.721408
[2026-03-23 06:12:52.727] Topic: set/cruise | Payload: 1774246372.7250483
[2026-03-23 06:12:53.728] Topic: set/cruise | Payload: 1774246373.7263222
[2026-03-23 06:12:54.730] Topic: set/cruise | Payload: 1774246374.72796
[2026-03-23 06:12:55.731] Topic: set/cruise | Payload: 1774246375.7289948
[2026-03-23 06:12:56.732] Topic: set/cruise | Payload: 1774246376.7304115
[2026-03-23 06:12:57.733] Topic: set/cruise | Payload: 1774246377.7315907
[2026-03-23 06:12:58.735] Topic: set/cruise | Payload: 1774246378.7328384
[2026-03-23 06:12:59.736] Topic: set/cruise | Payload: 1774246379.734018
[2026-03-23 06:13:00.737] Topic: set/cruise | Payload: 1774246380.7346113
[2026-03-23 06:13:01.740] Topic: set/cruise | Payload: 1774246381.737364
[2026-03-23 06:13:02.740] Topic: set/cruise | Payload: 1774246382.7377424
[2026-03-23 06:13:03.741] Topic: set/cruise | Payload: 1774246383.738892
[2026-03-23 06:13:04.743] Topic: set/cruise | Payload: 1774246384.7410738
[2026-03-23 06:13:05.744] Topic: set/cruise | Payload: 1774246385.74143
[2026-03-23 06:13:06.745] Topic: set/cruise | Payload: 1774246386.7426522
[2026-03-23 06:13:07.746] Topic: set/cruise | Payload: 1774246387.7441692
[2026-03-23 06:13:08.750] Topic: set/cruise | Payload: 1774246388.7459111
[2026-03-23 06:13:09.749] Topic: set/cruise | Payload: 1774246389.7466874
[2026-03-23 06:13:10.751] Topic: set/cruise | Payload: 1774246390.7488596
[2026-03-23 06:13:11.753] Topic: set/cruise | Payload: 1774246391.7505674
[2026-03-23 06:13:12.754] Topic: set/cruise | Payload: 1774246392.7520874
[2026-03-23 06:13:13.755] Topic: set/cruise | Payload: 1774246393.7532651
[2026-03-23 06:13:14.759] Topic: set/cruise | Payload: 1774246394.7556531
[2026-03-23 06:13:15.759] Topic: set/cruise | Payload: 1774246395.7569885
[2026-03-23 06:13:16.761] Topic: set/cruise | Payload: 1774246396.7582362
[2026-03-23 06:13:17.762] Topic: set/cruise | Payload: 1774246397.7599435
[2026-03-23 06:13:18.763] Topic: set/cruise | Payload: 1774246398.761206
[2026-03-23 06:13:19.765] Topic: set/cruise | Payload: 1774246399.762388
[2026-03-23 06:13:20.765] Topic: set/cruise | Payload: 1774246400.7626934
[2026-03-23 06:13:21.766] Topic: set/cruise | Payload: 1774246401.763097
[2026-03-23 06:13:22.767] Topic: set/cruise | Payload: 1774246402.7641494
[2026-03-23 06:13:23.769] Topic: set/cruise | Payload: 1774246403.76515
[2026-03-23 06:13:24.768] Topic: set/cruise | Payload: 1774246404.765979
[2026-03-23 06:13:25.768] Topic: set/cruise | Payload: 1774246405.7663646
[2026-03-23 06:13:26.771] Topic: set/cruise | Payload: 1774246406.7688487
[2026-03-23 06:13:27.773] Topic: set/cruise | Payload: 1774246407.7711582
[2026-03-23 06:13:28.775] Topic: set/cruise | Payload: 1774246408.7725716
[2026-03-23 06:13:29.775] Topic: set/cruise | Payload: 1774246409.773596
[2026-03-23 06:13:30.776] Topic: set/cruise | Payload: 1774246410.7744138
[2026-03-23 06:13:31.779] Topic: set/cruise | Payload: 1774246411.7762427
[2026-03-23 06:13:32.779] Topic: set/cruise | Payload: 1774246412.7774334
[2026-03-23 06:13:33.780] Topic: set/cruise | Payload: 1774246413.777792
[2026-03-23 06:13:34.785] Topic: set/cruise | Payload: 1774246414.7809932
[2026-03-23 06:13:35.785] Topic: set/cruise | Payload: 1774246415.7825272
[2026-03-23 06:13:36.787] Topic: set/cruise | Payload: 1774246416.7840123
[2026-03-23 06:13:37.789] Topic: set/cruise | Payload: 1774246417.7864919
[2026-03-23 06:13:38.790] Topic: set/cruise | Payload: 1774246418.7876956
[2026-03-23 06:13:39.791] Topic: set/cruise | Payload: 1774246419.7892597
[2026-03-23 06:13:40.791] Topic: set/cruise | Payload: 1774246420.7895958
[2026-03-23 06:13:41.793] Topic: set/cruise | Payload: 1774246421.790723
[2026-03-23 06:13:42.795] Topic: set/cruise | Payload: 1774246422.7939022
[2026-03-23 06:13:43.869] Topic: set/cruise | Payload: 1774246423.82392
[2026-03-23 06:13:44.828] Topic: set/cruise | Payload: 1774246424.8253205
[2026-03-23 06:13:45.830] Topic: set/cruise | Payload: 1774246425.8273723
[2026-03-23 06:13:46.832] Topic: set/cruise | Payload: 1774246426.8284726
[2026-03-23 06:13:47.833] Topic: set/cruise | Payload: 1774246427.8290634
[2026-03-23 06:13:48.832] Topic: set/cruise | Payload: 1774246428.8303258
[2026-03-23 06:13:49.834] Topic: set/cruise | Payload: 1774246429.8314266
[2026-03-23 06:13:50.836] Topic: set/cruise | Payload: 1774246430.8337872
[2026-03-23 06:13:51.837] Topic: set/cruise | Payload: 1774246431.834288
[2026-03-23 06:13:52.837] Topic: set/cruise | Payload: 1774246432.8353522
[2026-03-23 06:13:53.842] Topic: set/cruise | Payload: 1774246433.837495
[2026-03-23 06:13:54.840] Topic: set/cruise | Payload: 1774246434.8381941
[2026-03-23 06:13:55.843] Topic: set/cruise | Payload: 1774246435.839844
[2026-03-23 06:13:56.845] Topic: set/cruise | Payload: 1774246436.8418915
[2026-03-23 06:13:57.848] Topic: set/cruise | Payload: 1774246437.846025
[2026-03-23 06:13:58.850] Topic: set/cruise | Payload: 1774246438.8471029
[2026-03-23 06:13:59.852] Topic: set/cruise | Payload: 1774246439.8485894
[2026-03-23 06:14:00.852] Topic: set/cruise | Payload: 1774246440.8495986
[2026-03-23 06:14:01.854] Topic: set/cruise | Payload: 1774246441.8514051
[2026-03-23 06:14:02.855] Topic: set/cruise | Payload: 1774246442.8531306
[2026-03-23 06:14:03.858] Topic: set/cruise | Payload: 1774246443.854849
[2026-03-23 06:14:04.858] Topic: set/cruise | Payload: 1774246444.8563652
[2026-03-23 06:14:05.862] Topic: set/cruise | Payload: 1774246445.8574133
[2026-03-23 06:14:06.863] Topic: set/cruise | Payload: 1774246446.860088
[2026-03-23 06:14:07.866] Topic: set/cruise | Payload: 1774246447.862093
[2026-03-23 06:14:08.867] Topic: set/cruise | Payload: 1774246448.8644328
[2026-03-23 06:14:09.868] Topic: set/cruise | Payload: 1774246449.8653831
[2026-03-23 06:14:10.870] Topic: set/cruise | Payload: 1774246450.8672981
[2026-03-23 06:14:11.873] Topic: set/cruise | Payload: 1774246451.8696618
[2026-03-23 06:14:12.875] Topic: set/cruise | Payload: 1774246452.8725789
[2026-03-23 06:14:13.876] Topic: set/cruise | Payload: 1774246453.8740368
[2026-03-23 06:14:14.879] Topic: set/cruise | Payload: 1774246454.8768866
[2026-03-23 06:14:15.881] Topic: set/cruise | Payload: 1774246455.878198
[2026-03-23 06:14:16.884] Topic: set/cruise | Payload: 1774246456.88187
[2026-03-23 06:14:17.885] Topic: set/cruise | Payload: 1774246457.8831577
[2026-03-23 06:14:18.891] Topic: set/cruise | Payload: 1774246458.8881834
[2026-03-23 06:14:19.894] Topic: set/cruise | Payload: 1774246459.8908086
[2026-03-23 06:14:20.895] Topic: set/cruise | Payload: 1774246460.8921995
[2026-03-23 06:14:21.896] Topic: set/cruise | Payload: 1774246461.8934531
[2026-03-23 06:14:22.898] Topic: set/cruise | Payload: 1774246462.8951287
[2026-03-23 06:14:23.900] Topic: set/cruise | Payload: 1774246463.8972638
[2026-03-23 06:14:24.904] Topic: set/cruise | Payload: 1774246464.900849
[2026-03-23 06:14:25.936] Topic: set/cruise | Payload: 1774246465.9339488
[2026-03-23 06:14:26.938] Topic: set/cruise | Payload: 1774246466.9356914
[2026-03-23 06:14:27.942] Topic: set/cruise | Payload: 1774246467.938963
[2026-03-23 06:14:28.944] Topic: set/cruise | Payload: 1774246468.9411595
[2026-03-23 06:14:29.945] Topic: set/cruise | Payload: 1774246469.9425254
[2026-03-23 06:14:30.946] Topic: set/cruise | Payload: 1774246470.943634
[2026-03-23 06:14:31.948] Topic: set/cruise | Payload: 1774246471.9452534
[2026-03-23 06:14:32.950] Topic: set/cruise | Payload: 1774246472.947575
[2026-03-23 06:14:33.952] Topic: set/cruise | Payload: 1774246473.950017
[2026-03-23 06:14:34.983] Topic: set/cruise | Payload: 1774246474.9802341
[2026-03-23 06:14:35.988] Topic: set/cruise | Payload: 1774246475.9850748
[2026-03-23 06:14:36.988] Topic: set/cruise | Payload: 1774246476.9865718
[2026-03-23 06:14:37.989] Topic: set/cruise | Payload: 1774246477.987006
[2026-03-23 06:14:38.990] Topic: set/cruise | Payload: 1774246478.988473
[2026-03-23 06:14:39.991] Topic: set/cruise | Payload: 1774246479.9890585
[2026-03-23 06:14:40.997] Topic: set/cruise | Payload: 1774246480.9939735
[2026-03-23 06:14:41.998] Topic: set/cruise | Payload: 1774246481.9945135
[2026-03-23 06:14:42.997] Topic: set/cruise | Payload: 1774246482.9948907
[2026-03-23 06:14:44.045] Topic: set/cruise | Payload: 1774246483.996456
[2026-03-23 06:14:44.999] Topic: set/cruise | Payload: 1774246484.997548
[2026-03-23 06:14:46.000] Topic: set/cruise | Payload: 1774246485.998909
[2026-03-23 06:14:47.002] Topic: set/cruise | Payload: 1774246487.000229
[2026-03-23 06:14:48.003] Topic: set/cruise | Payload: 1774246488.0010722
[2026-03-23 06:14:49.005] Topic: set/cruise | Payload: 1774246489.0026028
[2026-03-23 06:14:50.004] Topic: set/cruise | Payload: 1774246490.0030415
[2026-03-23 06:14:51.006] Topic: set/cruise | Payload: 1774246491.0041065
[2026-03-23 06:14:52.007] Topic: set/cruise | Payload: 1774246492.0054183
[2026-03-23 06:14:53.009] Topic: set/cruise | Payload: 1774246493.0070028
[2026-03-23 06:14:54.011] Topic: set/cruise | Payload: 1774246494.0081828
[2026-03-23 06:14:55.010] Topic: set/cruise | Payload: 1774246495.0090435
[2026-03-23 06:14:56.012] Topic: set/cruise | Payload: 1774246496.0096395
[2026-03-23 06:14:57.012] Topic: set/cruise | Payload: 1774246497.011066
[2026-03-23 06:14:58.013] Topic: set/cruise | Payload: 1774246498.0119915
[2026-03-23 06:14:59.014] Topic: set/cruise | Payload: 1774246499.0129735
[2026-03-23 06:15:00.015] Topic: set/cruise | Payload: 1774246500.0139904
[2026-03-23 06:15:01.016] Topic: set/cruise | Payload: 1774246501.0151327
[2026-03-23 06:15:02.018] Topic: set/cruise | Payload: 1774246502.0165956
[2026-03-23 06:15:03.019] Topic: set/cruise | Payload: 1774246503.017013
[2026-03-23 06:15:04.021] Topic: set/cruise | Payload: 1774246504.0181699
[2026-03-23 06:15:05.022] Topic: set/cruise | Payload: 1774246505.019553
[2026-03-23 06:15:06.024] Topic: set/cruise | Payload: 1774246506.0215788
[2026-03-23 06:15:07.024] Topic: set/cruise | Payload: 1774246507.0221322
[2026-03-23 06:15:08.025] Topic: set/cruise | Payload: 1774246508.0226505
[2026-03-23 06:15:09.026] Topic: set/cruise | Payload: 1774246509.0244796
[2026-03-23 06:15:10.027] Topic: set/cruise | Payload: 1774246510.0251265
[2026-03-23 06:15:11.028] Topic: set/cruise | Payload: 1774246511.0266016
[2026-03-23 06:15:12.030] Topic: set/cruise | Payload: 1774246512.028279
[2026-03-23 06:15:13.030] Topic: set/cruise | Payload: 1774246513.029113
[2026-03-23 06:15:14.033] Topic: set/cruise | Payload: 1774246514.031385
[2026-03-23 06:15:15.035] Topic: set/cruise | Payload: 1774246515.032578
[2026-03-23 06:15:16.035] Topic: set/cruise | Payload: 1774246516.033008
[2026-03-23 06:15:17.036] Topic: set/cruise | Payload: 1774246517.0341702
[2026-03-23 06:15:18.037] Topic: set/cruise | Payload: 1774246518.0346215
[2026-03-23 06:15:19.036] Topic: set/cruise | Payload: 1774246519.0348444
[2026-03-23 06:15:20.039] Topic: set/cruise | Payload: 1774246520.0362742
[2026-03-23 06:15:21.038] Topic: set/cruise | Payload: 1774246521.037081
[2026-03-23 06:15:22.041] Topic: set/cruise | Payload: 1774246522.0382452
[2026-03-23 06:15:23.040] Topic: set/cruise | Payload: 1774246523.0389698
[2026-03-23 06:15:24.042] Topic: set/cruise | Payload: 1774246524.0406425
[2026-03-23 06:15:25.043] Topic: set/cruise | Payload: 1774246525.0409827
[2026-03-23 06:15:26.043] Topic: set/cruise | Payload: 1774246526.0416694
[2026-03-23 06:15:27.045] Topic: set/cruise | Payload: 1774246527.042622
[2026-03-23 06:15:28.045] Topic: set/cruise | Payload: 1774246528.0437613
[2026-03-23 06:15:29.046] Topic: set/cruise | Payload: 1774246529.0440376
[2026-03-23 06:15:30.047] Topic: set/cruise | Payload: 1774246530.0450282
[2026-03-23 06:15:31.048] Topic: set/cruise | Payload: 1774246531.0458727
[2026-03-23 06:15:32.048] Topic: set/cruise | Payload: 1774246532.0468287
[2026-03-23 06:15:33.049] Topic: set/cruise | Payload: 1774246533.0475125
[2026-03-23 06:15:34.050] Topic: set/cruise | Payload: 1774246534.0478616
[2026-03-23 06:15:35.050] Topic: set/cruise | Payload: 1774246535.048225
[2026-03-23 06:15:36.053] Topic: set/cruise | Payload: 1774246536.0496793
[2026-03-23 06:15:37.055] Topic: set/cruise | Payload: 1774246537.0509558
[2026-03-23 06:15:38.054] Topic: set/cruise | Payload: 1774246538.0523965
[2026-03-23 06:15:39.055] Topic: set/cruise | Payload: 1774246539.0534923
[2026-03-23 06:15:40.058] Topic: set/cruise | Payload: 1774246540.0547805
[2026-03-23 06:15:41.059] Topic: set/cruise | Payload: 1774246541.0564547
[2026-03-23 06:15:42.060] Topic: set/cruise | Payload: 1774246542.0569723
[2026-03-23 06:15:43.062] Topic: set/cruise | Payload: 1774246543.058836
[2026-03-23 06:15:44.063] Topic: set/cruise | Payload: 1774246544.0596795
[2026-03-23 06:15:45.065] Topic: set/cruise | Payload: 1774246545.0614212
[2026-03-23 06:15:46.066] Topic: set/cruise | Payload: 1774246546.0615764
[2026-03-23 06:15:47.065] Topic: set/cruise | Payload: 1774246547.0630224
[2026-03-23 06:15:48.066] Topic: set/cruise | Payload: 1774246548.0640497
[2026-03-23 06:15:49.072] Topic: set/cruise | Payload: 1774246549.06565
[2026-03-23 06:15:50.069] Topic: set/cruise | Payload: 1774246550.067608
[2026-03-23 06:15:51.071] Topic: set/cruise | Payload: 1774246551.068783
[2026-03-23 06:15:52.071] Topic: set/cruise | Payload: 1774246552.069807
[2026-03-23 06:15:53.072] Topic: set/cruise | Payload: 1774246553.0704038
[2026-03-23 06:15:54.074] Topic: set/cruise | Payload: 1774246554.0717127
[2026-03-23 06:15:55.075] Topic: set/cruise | Payload: 1774246555.0730584
[2026-03-23 06:15:56.076] Topic: set/cruise | Payload: 1774246556.0742607
[2026-03-23 06:15:57.076] Topic: set/cruise | Payload: 1774246557.0747867
[2026-03-23 06:15:58.080] Topic: set/cruise | Payload: 1774246558.0768003
[2026-03-23 06:15:59.080] Topic: set/cruise | Payload: 1774246559.0775206
[2026-03-23 06:16:00.081] Topic: set/cruise | Payload: 1774246560.0786686
[2026-03-23 06:16:01.084] Topic: set/cruise | Payload: 1774246561.081442
[2026-03-23 06:16:02.085] Topic: set/cruise | Payload: 1774246562.0822601
[2026-03-23 06:16:03.085] Topic: set/cruise | Payload: 1774246563.0840433
[2026-03-23 06:16:04.088] Topic: set/cruise | Payload: 1774246564.0855856
[2026-03-23 06:16:05.088] Topic: set/cruise | Payload: 1774246565.0867224
[2026-03-23 06:16:06.090] Topic: set/cruise | Payload: 1774246566.087926
[2026-03-23 06:16:07.091] Topic: set/cruise | Payload: 1774246567.0890584
[2026-03-23 06:16:08.092] Topic: set/cruise | Payload: 1774246568.0902965
[2026-03-23 06:16:09.093] Topic: set/cruise | Payload: 1774246569.09091
[2026-03-23 06:16:10.095] Topic: set/cruise | Payload: 1774246570.092682
[2026-03-23 06:16:11.096] Topic: set/cruise | Payload: 1774246571.0936325
[2026-03-23 06:16:12.096] Topic: set/cruise | Payload: 1774246572.093928
[2026-03-23 06:16:13.097] Topic: set/cruise | Payload: 1774246573.095331
[2026-03-23 06:16:14.098] Topic: set/cruise | Payload: 1774246574.096382
[2026-03-23 06:16:15.099] Topic: set/cruise | Payload: 1774246575.0975506
[2026-03-23 06:16:16.100] Topic: set/cruise | Payload: 1774246576.0988462
[2026-03-23 06:16:17.101] Topic: set/cruise | Payload: 1774246577.09929
[2026-03-23 06:16:18.102] Topic: set/cruise | Payload: 1774246578.1007545
[2026-03-23 06:16:19.104] Topic: set/cruise | Payload: 1774246579.101242
[2026-03-23 06:16:20.105] Topic: set/cruise | Payload: 1774246580.1022475
[2026-03-23 06:16:21.105] Topic: set/cruise | Payload: 1774246581.103322
[2026-03-23 06:16:22.106] Topic: set/cruise | Payload: 1774246582.1036067
[2026-03-23 06:16:23.106] Topic: set/cruise | Payload: 1774246583.104314
[2026-03-23 06:16:24.107] Topic: set/cruise | Payload: 1774246584.1050248
[2026-03-23 06:16:25.112] Topic: set/cruise | Payload: 1774246585.1069274
[2026-03-23 06:16:26.112] Topic: set/cruise | Payload: 1774246586.1084332
[2026-03-23 06:16:27.111] Topic: set/cruise | Payload: 1774246587.1090481
[2026-03-23 06:16:28.111] Topic: set/cruise | Payload: 1774246588.109602
[2026-03-23 06:16:29.112] Topic: set/cruise | Payload: 1774246589.10995
[2026-03-23 06:16:30.113] Topic: set/cruise | Payload: 1774246590.1112776
[2026-03-23 06:16:31.116] Topic: set/cruise | Payload: 1774246591.1129968
[2026-03-23 06:16:32.116] Topic: set/cruise | Payload: 1774246592.114255
[2026-03-23 06:16:33.120] Topic: set/cruise | Payload: 1774246593.1165798
[2026-03-23 06:16:34.119] Topic: set/cruise | Payload: 1774246594.1170385
[2026-03-23 06:16:35.120] Topic: set/cruise | Payload: 1774246595.1177168
[2026-03-23 06:16:36.122] Topic: set/cruise | Payload: 1774246596.1199074
[2026-03-23 06:16:37.124] Topic: set/cruise | Payload: 1774246597.121509
[2026-03-23 06:16:38.126] Topic: set/cruise | Payload: 1774246598.1236908
[2026-03-23 06:16:39.126] Topic: set/cruise | Payload: 1774246599.1249847
[2026-03-23 06:16:40.129] Topic: set/cruise | Payload: 1774246600.125222
[2026-03-23 06:16:41.128] Topic: set/cruise | Payload: 1774246601.1263552
[2026-03-23 06:16:42.131] Topic: set/cruise | Payload: 1774246602.1288486
[2026-03-23 06:16:43.135] Topic: set/cruise | Payload: 1774246603.1329854
[2026-03-23 06:16:44.138] Topic: set/cruise | Payload: 1774246604.136391
[2026-03-23 06:16:45.140] Topic: set/cruise | Payload: 1774246605.1371605
[2026-03-23 06:16:46.141] Topic: set/cruise | Payload: 1774246606.1390116
[2026-03-23 06:16:47.143] Topic: set/cruise | Payload: 1774246607.1405213
[2026-03-23 06:16:48.144] Topic: set/cruise | Payload: 1774246608.1422799
[2026-03-23 06:16:49.146] Topic: set/cruise | Payload: 1774246609.143747
[2026-03-23 06:16:50.147] Topic: set/cruise | Payload: 1774246610.14549
[2026-03-23 06:16:51.151] Topic: set/cruise | Payload: 1774246611.1468227
[2026-03-23 06:16:52.149] Topic: set/cruise | Payload: 1774246612.14737
[2026-03-23 06:16:53.150] Topic: set/cruise | Payload: 1774246613.1485639
[2026-03-23 06:16:54.151] Topic: set/cruise | Payload: 1774246614.1498044
[2026-03-23 06:16:55.152] Topic: set/cruise | Payload: 1774246615.1504743
[2026-03-23 06:16:56.153] Topic: set/cruise | Payload: 1774246616.1514187
[2026-03-23 06:16:57.154] Topic: set/cruise | Payload: 1774246617.1526277
[2026-03-23 06:16:58.155] Topic: set/cruise | Payload: 1774246618.1533577
[2026-03-23 06:16:59.158] Topic: set/cruise | Payload: 1774246619.1559613
[2026-03-23 06:17:00.161] Topic: set/cruise | Payload: 1774246620.1591165
[2026-03-23 06:17:01.162] Topic: set/cruise | Payload: 1774246621.1595879
[2026-03-23 06:17:02.165] Topic: set/cruise | Payload: 1774246622.1615095
[2026-03-23 06:17:03.166] Topic: set/cruise | Payload: 1774246623.164666
[2026-03-23 06:17:04.167] Topic: set/cruise | Payload: 1774246624.1650205
[2026-03-23 06:17:05.169] Topic: set/cruise | Payload: 1774246625.1672852
[2026-03-23 06:17:06.173] Topic: set/cruise | Payload: 1774246626.1689196
[2026-03-23 06:17:07.172] Topic: set/cruise | Payload: 1774246627.170172
[2026-03-23 06:17:08.173] Topic: set/cruise | Payload: 1774246628.1715925
[2026-03-23 06:17:09.175] Topic: set/cruise | Payload: 1774246629.1733172
[2026-03-23 06:17:10.178] Topic: set/cruise | Payload: 1774246630.1759899
[2026-03-23 06:17:11.179] Topic: set/cruise | Payload: 1774246631.177045
[2026-03-23 06:17:12.179] Topic: set/cruise | Payload: 1774246632.1776319
[2026-03-23 06:17:13.181] Topic: set/cruise | Payload: 1774246633.179408
[2026-03-23 06:17:14.185] Topic: set/cruise | Payload: 1774246634.181588
[2026-03-23 06:17:15.185] Topic: set/cruise | Payload: 1774246635.1837583
[2026-03-23 06:17:16.187] Topic: set/cruise | Payload: 1774246636.1855025
[2026-03-23 06:17:17.189] Topic: set/cruise | Payload: 1774246637.1872036
[2026-03-23 06:17:18.191] Topic: set/cruise | Payload: 1774246638.1894698
[2026-03-23 06:17:19.193] Topic: set/cruise | Payload: 1774246639.191149
[2026-03-23 06:17:20.195] Topic: set/cruise | Payload: 1774246640.193137
[2026-03-23 06:17:21.197] Topic: set/cruise | Payload: 1774246641.1948357
[2026-03-23 06:17:22.197] Topic: set/cruise | Payload: 1774246642.19556
[2026-03-23 06:17:23.199] Topic: set/cruise | Payload: 1774246643.1964467
[2026-03-23 06:17:24.201] Topic: set/cruise | Payload: 1774246644.199215
[2026-03-23 06:17:25.202] Topic: set/cruise | Payload: 1774246645.1996388
[2026-03-23 06:17:26.203] Topic: set/cruise | Payload: 1774246646.2015812
[2026-03-23 06:17:27.208] Topic: set/cruise | Payload: 1774246647.2054055
[2026-03-23 06:17:28.212] Topic: set/cruise | Payload: 1774246648.2099152
[2026-03-23 06:17:29.213] Topic: set/cruise | Payload: 1774246649.2112536
[2026-03-23 06:17:30.216] Topic: set/cruise | Payload: 1774246650.2121332
[2026-03-23 06:17:31.215] Topic: set/cruise | Payload: 1774246651.212969
[2026-03-23 06:17:32.215] Topic: set/cruise | Payload: 1774246652.213448
[2026-03-23 06:17:33.217] Topic: set/cruise | Payload: 1774246653.214421
[2026-03-23 06:17:34.219] Topic: set/cruise | Payload: 1774246654.2167442
[2026-03-23 06:17:35.222] Topic: set/cruise | Payload: 1774246655.219754
[2026-03-23 06:17:36.224] Topic: set/cruise | Payload: 1774246656.22178
[2026-03-23 06:17:37.226] Topic: set/cruise | Payload: 1774246657.2235243
[2026-03-23 06:17:38.227] Topic: set/cruise | Payload: 1774246658.2250009
[2026-03-23 06:17:39.229] Topic: set/cruise | Payload: 1774246659.2264562
[2026-03-23 06:17:40.230] Topic: set/cruise | Payload: 1774246660.2281084
[2026-03-23 06:17:41.233] Topic: set/cruise | Payload: 1774246661.2308116
[2026-03-23 06:17:42.236] Topic: set/cruise | Payload: 1774246662.2326677
[2026-03-23 06:17:43.237] Topic: set/cruise | Payload: 1774246663.2343647
[2026-03-23 06:17:44.240] Topic: set/cruise | Payload: 1774246664.2362206
[2026-03-23 06:17:45.239] Topic: set/cruise | Payload: 1774246665.2369976
[2026-03-23 06:17:46.241] Topic: set/cruise | Payload: 1774246666.2384686
[2026-03-23 06:17:47.244] Topic: set/cruise | Payload: 1774246667.2409806
[2026-03-23 06:17:48.245] Topic: set/cruise | Payload: 1774246668.243141
[2026-03-23 06:17:49.246] Topic: set/cruise | Payload: 1774246669.2437985
[2026-03-23 06:17:50.248] Topic: set/cruise | Payload: 1774246670.2452273
[2026-03-23 06:17:51.251] Topic: set/cruise | Payload: 1774246671.2477221
[2026-03-23 06:17:52.253] Topic: set/cruise | Payload: 1774246672.2507205
[2026-03-23 06:17:53.255] Topic: set/cruise | Payload: 1774246673.2526977
[2026-03-23 06:17:54.258] Topic: set/cruise | Payload: 1774246674.2557085
[2026-03-23 06:17:55.260] Topic: set/cruise | Payload: 1774246675.2576725
[2026-03-23 06:17:56.261] Topic: set/cruise | Payload: 1774246676.2592506
[2026-03-23 06:17:57.266] Topic: set/cruise | Payload: 1774246677.260566
[2026-03-23 06:17:58.264] Topic: set/cruise | Payload: 1774246678.261884
[2026-03-23 06:17:59.265] Topic: set/cruise | Payload: 1774246679.2629263
[2026-03-23 06:18:00.269] Topic: set/cruise | Payload: 1774246680.2661006
[2026-03-23 06:18:01.269] Topic: set/cruise | Payload: 1774246681.266994
[2026-03-23 06:18:02.271] Topic: set/cruise | Payload: 1774246682.2691555
[2026-03-23 06:18:03.273] Topic: set/cruise | Payload: 1774246683.2702234
[2026-03-23 06:18:04.275] Topic: set/cruise | Payload: 1774246684.2717607
[2026-03-23 06:18:05.278] Topic: set/cruise | Payload: 1774246685.2756608
[2026-03-23 06:18:06.279] Topic: set/cruise | Payload: 1774246686.2773137
[2026-03-23 06:18:07.281] Topic: set/cruise | Payload: 1774246687.2785544
[2026-03-23 06:18:08.284] Topic: set/cruise | Payload: 1774246688.281146
[2026-03-23 06:18:09.289] Topic: set/cruise | Payload: 1774246689.2862797
[2026-03-23 06:18:10.292] Topic: set/cruise | Payload: 1774246690.2893314
[2026-03-23 06:18:11.292] Topic: set/cruise | Payload: 1774246691.2899268
[2026-03-23 06:18:12.295] Topic: set/cruise | Payload: 1774246692.2924812
[2026-03-23 06:18:13.296] Topic: set/cruise | Payload: 1774246693.293807
[2026-03-23 06:18:14.298] Topic: set/cruise | Payload: 1774246694.2944973
[2026-03-23 06:18:15.298] Topic: set/cruise | Payload: 1774246695.2956138
[2026-03-23 06:18:16.299] Topic: set/cruise | Payload: 1774246696.2968495
[2026-03-23 06:18:17.304] Topic: set/cruise | Payload: 1774246697.3011317
[2026-03-23 06:18:18.304] Topic: set/cruise | Payload: 1774246698.301735
[2026-03-23 06:18:19.309] Topic: set/cruise | Payload: 1774246699.3062713
[2026-03-23 06:18:20.310] Topic: set/cruise | Payload: 1774246700.3076472
[2026-03-23 06:18:21.313] Topic: set/cruise | Payload: 1774246701.3096275
[2026-03-23 06:18:22.314] Topic: set/cruise | Payload: 1774246702.3117983
[2026-03-23 06:18:23.316] Topic: set/cruise | Payload: 1774246703.3132951
[2026-03-23 06:18:24.318] Topic: set/cruise | Payload: 1774246704.3144906
[2026-03-23 06:18:25.320] Topic: set/cruise | Payload: 1774246705.3177834
[2026-03-23 06:18:26.324] Topic: set/cruise | Payload: 1774246706.3214803
[2026-03-23 06:18:27.325] Topic: set/cruise | Payload: 1774246707.3230884
[2026-03-23 06:18:28.327] Topic: set/cruise | Payload: 1774246708.3244092
[2026-03-23 06:18:29.327] Topic: set/cruise | Payload: 1774246709.3250232
[2026-03-23 06:18:30.330] Topic: set/cruise | Payload: 1774246710.3278983
[2026-03-23 06:18:31.331] Topic: set/cruise | Payload: 1774246711.3293638
[2026-03-23 06:18:32.333] Topic: set/cruise | Payload: 1774246712.3310974
[2026-03-23 06:18:33.338] Topic: set/cruise | Payload: 1774246713.3330438
[2026-03-23 06:18:34.337] Topic: set/cruise | Payload: 1774246714.3339825
[2026-03-23 06:18:35.338] Topic: set/cruise | Payload: 1774246715.3355122
[2026-03-23 06:18:36.340] Topic: set/cruise | Payload: 1774246716.3372922
[2026-03-23 06:18:37.342] Topic: set/cruise | Payload: 1774246717.3399572
[2026-03-23 06:18:38.343] Topic: set/cruise | Payload: 1774246718.3411036
[2026-03-23 06:18:39.345] Topic: set/cruise | Payload: 1774246719.3425803
[2026-03-23 06:18:40.345] Topic: set/cruise | Payload: 1774246720.3434615
[2026-03-23 06:18:41.347] Topic: set/cruise | Payload: 1774246721.3451142
[2026-03-23 06:18:42.349] Topic: set/cruise | Payload: 1774246722.3470821
[2026-03-23 06:18:43.352] Topic: set/cruise | Payload: 1774246723.3492584
[2026-03-23 06:18:44.359] Topic: set/cruise | Payload: 1774246724.351059
[2026-03-23 06:18:45.357] Topic: set/cruise | Payload: 1774246725.3530967
[2026-03-23 06:18:46.358] Topic: set/cruise | Payload: 1774246726.355572
[2026-03-23 06:18:47.360] Topic: set/cruise | Payload: 1774246727.3572533
[2026-03-23 06:18:48.361] Topic: set/cruise | Payload: 1774246728.3587172
[2026-03-23 06:18:49.365] Topic: set/cruise | Payload: 1774246729.362727
[2026-03-23 06:18:50.366] Topic: set/cruise | Payload: 1774246730.3636305
[2026-03-23 06:18:51.367] Topic: set/cruise | Payload: 1774246731.3642347
[2026-03-23 06:18:52.370] Topic: set/cruise | Payload: 1774246732.3657973
[2026-03-23 06:18:53.370] Topic: set/cruise | Payload: 1774246733.3679633
[2026-03-23 06:18:54.372] Topic: set/cruise | Payload: 1774246734.369219
[2026-03-23 06:18:55.373] Topic: set/cruise | Payload: 1774246735.3708997
[2026-03-23 06:18:56.375] Topic: set/cruise | Payload: 1774246736.3722765
[2026-03-23 06:18:57.376] Topic: set/cruise | Payload: 1774246737.3738024
[2026-03-23 06:18:58.378] Topic: set/cruise | Payload: 1774246738.3754237
[2026-03-23 06:18:59.379] Topic: set/cruise | Payload: 1774246739.3763669
[2026-03-23 06:19:00.379] Topic: set/cruise | Payload: 1774246740.3772159
[2026-03-23 06:19:01.383] Topic: set/cruise | Payload: 1774246741.3801763
[2026-03-23 06:19:02.384] Topic: set/cruise | Payload: 1774246742.381621
[2026-03-23 06:19:03.385] Topic: set/cruise | Payload: 1774246743.3829741
[2026-03-23 06:19:04.386] Topic: set/cruise | Payload: 1774246744.3834417
[2026-03-23 06:19:05.387] Topic: set/cruise | Payload: 1774246745.384266
[2026-03-23 06:19:06.387] Topic: set/cruise | Payload: 1774246746.385268
[2026-03-23 06:19:07.389] Topic: set/cruise | Payload: 1774246747.3862479
[2026-03-23 06:19:08.391] Topic: set/cruise | Payload: 1774246748.3880653
[2026-03-23 06:19:09.392] Topic: set/cruise | Payload: 1774246749.3896732
[2026-03-23 06:19:10.394] Topic: set/cruise | Payload: 1774246750.3915164
[2026-03-23 06:19:11.397] Topic: set/cruise | Payload: 1774246751.3935206
[2026-03-23 06:19:12.398] Topic: set/cruise | Payload: 1774246752.3949356
[2026-03-23 06:19:13.579] Topic: set/cruise | Payload: 1774246753.5739994
[2026-03-23 06:19:14.581] Topic: set/cruise | Payload: 1774246754.5767417
[2026-03-23 06:19:15.581] Topic: set/cruise | Payload: 1774246755.5779705
[2026-03-23 06:19:16.585] Topic: set/cruise | Payload: 1774246756.5789309
[2026-03-23 06:19:17.585] Topic: set/cruise | Payload: 1774246757.5802736
[2026-03-23 06:19:18.585] Topic: set/cruise | Payload: 1774246758.5817482
[2026-03-23 06:19:19.585] Topic: set/cruise | Payload: 1774246759.5824924
[2026-03-23 06:19:20.586] Topic: set/cruise | Payload: 1774246760.5833528
[2026-03-23 06:19:21.590] Topic: set/cruise | Payload: 1774246761.5851912
[2026-03-23 06:19:22.589] Topic: set/cruise | Payload: 1774246762.586347
[2026-03-23 06:19:23.592] Topic: set/cruise | Payload: 1774246763.5885246
[2026-03-23 06:19:24.595] Topic: set/cruise | Payload: 1774246764.5897994
[2026-03-23 06:19:25.592] Topic: set/cruise | Payload: 1774246765.590233
[2026-03-23 06:19:26.594] Topic: set/cruise | Payload: 1774246766.5914006
[2026-03-23 06:19:27.598] Topic: set/cruise | Payload: 1774246767.5930657
[2026-03-23 06:19:28.596] Topic: set/cruise | Payload: 1774246768.5935977
[2026-03-23 06:19:29.599] Topic: set/cruise | Payload: 1774246769.5944712
[2026-03-23 06:19:30.597] Topic: set/cruise | Payload: 1774246770.5949829
[2026-03-23 06:19:31.599] Topic: set/cruise | Payload: 1774246771.596443
[2026-03-23 06:19:32.600] Topic: set/cruise | Payload: 1774246772.5971208
[2026-03-23 06:19:33.600] Topic: set/cruise | Payload: 1774246773.5987184
[2026-03-23 06:19:34.604] Topic: set/cruise | Payload: 1774246774.601215
[2026-03-23 06:19:35.606] Topic: set/cruise | Payload: 1774246775.6023753
[2026-03-23 06:19:36.605] Topic: set/cruise | Payload: 1774246776.602993
[2026-03-23 06:19:37.607] Topic: set/cruise | Payload: 1774246777.6044183
[2026-03-23 06:19:38.608] Topic: set/cruise | Payload: 1774246778.6050744
[2026-03-23 06:19:39.609] Topic: set/cruise | Payload: 1774246779.6064546
[2026-03-23 06:19:40.610] Topic: set/cruise | Payload: 1774246780.608395
[2026-03-23 06:19:41.616] Topic: set/cruise | Payload: 1774246781.6091046
[2026-03-23 06:19:42.613] Topic: set/cruise | Payload: 1774246782.6096854
[2026-03-23 06:19:43.613] Topic: set/cruise | Payload: 1774246783.6102772
[2026-03-23 06:19:44.614] Topic: set/cruise | Payload: 1774246784.6113799
[2026-03-23 06:19:45.616] Topic: set/cruise | Payload: 1774246785.6132417
[2026-03-23 06:19:46.617] Topic: set/cruise | Payload: 1774246786.6146805
[2026-03-23 06:19:47.618] Topic: set/cruise | Payload: 1774246787.6151626
[2026-03-23 06:19:48.619] Topic: set/cruise | Payload: 1774246788.6158214
[2026-03-23 06:19:49.621] Topic: set/cruise | Payload: 1774246789.6189778
[2026-03-23 06:19:50.626] Topic: set/cruise | Payload: 1774246790.6201613
[2026-03-23 06:19:51.625] Topic: set/cruise | Payload: 1774246791.6213074
[2026-03-23 06:19:52.626] Topic: set/cruise | Payload: 1774246792.6221986
[2026-03-23 06:19:53.626] Topic: set/cruise | Payload: 1774246793.6227102
[2026-03-23 06:19:54.627] Topic: set/cruise | Payload: 1774246794.623202
[2026-03-23 06:19:55.628] Topic: set/cruise | Payload: 1774246795.6245675
[2026-03-23 06:19:56.627] Topic: set/cruise | Payload: 1774246796.6250677
[2026-03-23 06:19:57.628] Topic: set/cruise | Payload: 1774246797.6253312
[2026-03-23 06:19:58.630] Topic: set/cruise | Payload: 1774246798.6267006
[2026-03-23 06:19:59.630] Topic: set/cruise | Payload: 1774246799.6270962
[2026-03-23 06:20:00.632] Topic: set/cruise | Payload: 1774246800.6276774
[2026-03-23 06:20:01.634] Topic: set/cruise | Payload: 1774246801.6298704
[2026-03-23 06:20:02.637] Topic: set/cruise | Payload: 1774246802.6318438
[2026-03-23 06:20:03.635] Topic: set/cruise | Payload: 1774246803.633044
[2026-03-23 06:20:04.637] Topic: set/cruise | Payload: 1774246804.634345
[2026-03-23 06:20:05.639] Topic: set/cruise | Payload: 1774246805.6357121
[2026-03-23 06:20:06.639] Topic: set/cruise | Payload: 1774246806.637184
[2026-03-23 06:20:07.641] Topic: set/cruise | Payload: 1774246807.6381755
[2026-03-23 06:20:08.642] Topic: set/cruise | Payload: 1774246808.6390686
[2026-03-23 06:20:09.643] Topic: set/cruise | Payload: 1774246809.6400998
[2026-03-23 06:20:10.643] Topic: set/cruise | Payload: 1774246810.6411324
[2026-03-23 06:20:11.646] Topic: set/cruise | Payload: 1774246811.6430538
[2026-03-23 06:20:12.647] Topic: set/cruise | Payload: 1774246812.6440377
[2026-03-23 06:20:13.647] Topic: set/cruise | Payload: 1774246813.645185
[2026-03-23 06:20:14.648] Topic: set/cruise | Payload: 1774246814.645931
[2026-03-23 06:20:15.651] Topic: set/cruise | Payload: 1774246815.648001
[2026-03-23 06:20:16.651] Topic: set/cruise | Payload: 1774246816.6490285
[2026-03-23 06:20:17.653] Topic: set/cruise | Payload: 1774246817.6493237
[2026-03-23 06:20:18.654] Topic: set/cruise | Payload: 1774246818.6510088
[2026-03-23 06:20:19.655] Topic: set/cruise | Payload: 1774246819.653248
[2026-03-23 06:20:20.657] Topic: set/cruise | Payload: 1774246820.6546848
[2026-03-23 06:20:21.659] Topic: set/cruise | Payload: 1774246821.656422
[2026-03-23 06:20:22.661] Topic: set/cruise | Payload: 1774246822.6575632
[2026-03-23 06:20:23.661] Topic: set/cruise | Payload: 1774246823.6590915
[2026-03-23 06:20:24.663] Topic: set/cruise | Payload: 1774246824.6609843
[2026-03-23 06:20:25.665] Topic: set/cruise | Payload: 1774246825.6632483
[2026-03-23 06:20:26.667] Topic: set/cruise | Payload: 1774246826.6642601
[2026-03-23 06:20:27.668] Topic: set/cruise | Payload: 1774246827.6661422
[2026-03-23 06:20:28.670] Topic: set/cruise | Payload: 1774246828.6674294
[2026-03-23 06:20:29.670] Topic: set/cruise | Payload: 1774246829.6683233
[2026-03-23 06:20:30.672] Topic: set/cruise | Payload: 1774246830.6693037
[2026-03-23 06:20:31.672] Topic: set/cruise | Payload: 1774246831.6701767
[2026-03-23 06:20:32.674] Topic: set/cruise | Payload: 1774246832.6720295
[2026-03-23 06:20:33.676] Topic: set/cruise | Payload: 1774246833.6741617
[2026-03-23 06:20:34.678] Topic: set/cruise | Payload: 1774246834.6749766
[2026-03-23 06:20:35.678] Topic: set/cruise | Payload: 1774246835.6762419
[2026-03-23 06:20:36.679] Topic: set/cruise | Payload: 1774246836.677176
[2026-03-23 06:20:37.681] Topic: set/cruise | Payload: 1774246837.6783504
[2026-03-23 06:20:38.682] Topic: set/cruise | Payload: 1774246838.678647
[2026-03-23 06:20:39.682] Topic: set/cruise | Payload: 1774246839.680209
[2026-03-23 06:20:40.684] Topic: set/cruise | Payload: 1774246840.6805358
[2026-03-23 06:20:41.683] Topic: set/cruise | Payload: 1774246841.6811302
[2026-03-23 06:20:42.684] Topic: set/cruise | Payload: 1774246842.6817777
[2026-03-23 06:20:43.724] Topic: set/cruise | Payload: 1774246843.683029
[2026-03-23 06:20:44.687] Topic: set/cruise | Payload: 1774246844.6847174
[2026-03-23 06:20:45.687] Topic: set/cruise | Payload: 1774246845.68526
[2026-03-23 06:20:46.689] Topic: set/cruise | Payload: 1774246846.686853
[2026-03-23 06:20:47.691] Topic: set/cruise | Payload: 1774246847.6879148
[2026-03-23 06:20:48.693] Topic: set/cruise | Payload: 1774246848.6894293
[2026-03-23 06:20:49.695] Topic: set/cruise | Payload: 1774246849.6911938
[2026-03-23 06:20:50.695] Topic: set/cruise | Payload: 1774246850.6931267
[2026-03-23 06:20:51.696] Topic: set/cruise | Payload: 1774246851.6945405
[2026-03-23 06:20:52.698] Topic: set/cruise | Payload: 1774246852.6962209
[2026-03-23 06:20:53.702] Topic: set/cruise | Payload: 1774246853.6976874
[2026-03-23 06:20:54.702] Topic: set/cruise | Payload: 1774246854.6991818
[2026-03-23 06:20:55.704] Topic: set/cruise | Payload: 1774246855.7019691
[2026-03-23 06:20:56.710] Topic: set/cruise | Payload: 1774246856.703499
[2026-03-23 06:20:57.707] Topic: set/cruise | Payload: 1774246857.704462
[2026-03-23 06:20:58.710] Topic: set/cruise | Payload: 1774246858.7054503
[2026-03-23 06:20:59.712] Topic: set/cruise | Payload: 1774246859.7066715
[2026-03-23 06:21:00.710] Topic: set/cruise | Payload: 1774246860.7073557
[2026-03-23 06:21:01.711] Topic: set/cruise | Payload: 1774246861.709133
[2026-03-23 06:21:02.713] Topic: set/cruise | Payload: 1774246862.7116237
[2026-03-23 06:21:03.717] Topic: set/cruise | Payload: 1774246863.712422
[2026-03-23 06:21:04.718] Topic: set/cruise | Payload: 1774246864.7131164
[2026-03-23 06:21:05.716] Topic: set/cruise | Payload: 1774246865.7139902
[2026-03-23 06:21:06.722] Topic: set/cruise | Payload: 1774246866.7147133
[2026-03-23 06:21:07.717] Topic: set/cruise | Payload: 1774246867.7152264
[2026-03-23 06:21:08.719] Topic: set/cruise | Payload: 1774246868.7170193
[2026-03-23 06:21:09.721] Topic: set/cruise | Payload: 1774246869.7186353
[2026-03-23 06:21:10.723] Topic: set/cruise | Payload: 1774246870.7206447
[2026-03-23 06:21:11.724] Topic: set/cruise | Payload: 1774246871.722107
[2026-03-23 06:21:12.726] Topic: set/cruise | Payload: 1774246872.723413
[2026-03-23 06:21:13.726] Topic: set/cruise | Payload: 1774246873.7239187
[2026-03-23 06:21:14.729] Topic: set/cruise | Payload: 1774246874.7252414
[2026-03-23 06:21:15.729] Topic: set/cruise | Payload: 1774246875.7259624
[2026-03-23 06:21:16.730] Topic: set/cruise | Payload: 1774246876.7280612
[2026-03-23 06:21:17.731] Topic: set/cruise | Payload: 1774246877.728841
[2026-03-23 06:21:18.732] Topic: set/cruise | Payload: 1774246878.7291138
[2026-03-23 06:21:19.736] Topic: set/cruise | Payload: 1774246879.7315583
[2026-03-23 06:21:20.734] Topic: set/cruise | Payload: 1774246880.732461
[2026-03-23 06:21:21.737] Topic: set/cruise | Payload: 1774246881.7345078
[2026-03-23 06:21:22.738] Topic: set/cruise | Payload: 1774246882.7357197
[2026-03-23 06:21:23.740] Topic: set/cruise | Payload: 1774246883.7372358
[2026-03-23 06:21:24.745] Topic: set/cruise | Payload: 1774246884.7410266
[2026-03-23 06:21:25.746] Topic: set/cruise | Payload: 1774246885.7429101
[2026-03-23 06:21:26.748] Topic: set/cruise | Payload: 1774246886.745012
[2026-03-23 06:21:27.749] Topic: set/cruise | Payload: 1774246887.7459772
[2026-03-23 06:21:28.750] Topic: set/cruise | Payload: 1774246888.746901
[2026-03-23 06:21:29.751] Topic: set/cruise | Payload: 1774246889.748838
[2026-03-23 06:21:30.752] Topic: set/cruise | Payload: 1774246890.7492507
[2026-03-23 06:21:31.753] Topic: set/cruise | Payload: 1774246891.7506182
[2026-03-23 06:21:32.755] Topic: set/cruise | Payload: 1774246892.7533283
[2026-03-23 06:21:33.757] Topic: set/cruise | Payload: 1774246893.7546725
[2026-03-23 06:21:34.759] Topic: set/cruise | Payload: 1774246894.7562776
[2026-03-23 06:21:35.762] Topic: set/cruise | Payload: 1774246895.758895
[2026-03-23 06:21:36.764] Topic: set/cruise | Payload: 1774246896.760506
[2026-03-23 06:21:37.765] Topic: set/cruise | Payload: 1774246897.7610724
[2026-03-23 06:21:38.766] Topic: set/cruise | Payload: 1774246898.763274
[2026-03-23 06:21:39.767] Topic: set/cruise | Payload: 1774246899.764521
[2026-03-23 06:21:40.769] Topic: set/cruise | Payload: 1774246900.7655103
[2026-03-23 06:21:41.769] Topic: set/cruise | Payload: 1774246901.7665198
[2026-03-23 06:21:42.770] Topic: set/cruise | Payload: 1774246902.7680335
[2026-03-23 06:21:43.814] Topic: set/cruise | Payload: 1774246903.7700098
[2026-03-23 06:21:44.777] Topic: set/cruise | Payload: 1774246904.7720568
[2026-03-23 06:21:45.775] Topic: set/cruise | Payload: 1774246905.7729986
[2026-03-23 06:21:46.781] Topic: set/cruise | Payload: 1774246906.7791908
[2026-03-23 06:21:47.784] Topic: set/cruise | Payload: 1774246907.781425
[2026-03-23 06:21:48.788] Topic: set/cruise | Payload: 1774246908.7830353
[2026-03-23 06:21:49.789] Topic: set/cruise | Payload: 1774246909.7850893
[2026-03-23 06:21:50.789] Topic: set/cruise | Payload: 1774246910.7867525
[2026-03-23 06:21:51.791] Topic: set/cruise | Payload: 1774246911.7888348
[2026-03-23 06:21:52.792] Topic: set/cruise | Payload: 1774246912.7901242
[2026-03-23 06:21:53.794] Topic: set/cruise | Payload: 1774246913.7909865
[2026-03-23 06:21:54.798] Topic: set/cruise | Payload: 1774246914.7927277
[2026-03-23 06:21:55.797] Topic: set/cruise | Payload: 1774246915.7946107
[2026-03-23 06:21:56.798] Topic: set/cruise | Payload: 1774246916.7957854
[2026-03-23 06:21:57.800] Topic: set/cruise | Payload: 1774246917.797895
[2026-03-23 06:21:58.803] Topic: set/cruise | Payload: 1774246918.7998762
[2026-03-23 06:21:59.804] Topic: set/cruise | Payload: 1774246919.8022375
[2026-03-23 06:22:00.805] Topic: set/cruise | Payload: 1774246920.8025053
[2026-03-23 06:22:01.806] Topic: set/cruise | Payload: 1774246921.8036056
[2026-03-23 06:22:02.808] Topic: set/cruise | Payload: 1774246922.805953
[2026-03-23 06:22:03.810] Topic: set/cruise | Payload: 1774246923.808035
[2026-03-23 06:22:04.814] Topic: set/cruise | Payload: 1774246924.80907
[2026-03-23 06:22:05.812] Topic: set/cruise | Payload: 1774246925.8105242
[2026-03-23 06:22:06.814] Topic: set/cruise | Payload: 1774246926.8123548
[2026-03-23 06:22:07.815] Topic: set/cruise | Payload: 1774246927.8130202
[2026-03-23 06:22:08.817] Topic: set/cruise | Payload: 1774246928.8138578
[2026-03-23 06:22:09.817] Topic: set/cruise | Payload: 1774246929.8146846
[2026-03-23 06:22:10.819] Topic: set/cruise | Payload: 1774246930.81562
[2026-03-23 06:22:11.820] Topic: set/cruise | Payload: 1774246931.8174536
[2026-03-23 06:22:12.823] Topic: set/cruise | Payload: 1774246932.8200476
[2026-03-23 06:22:13.825] Topic: set/cruise | Payload: 1774246933.823339
[2026-03-23 06:22:14.827] Topic: set/cruise | Payload: 1774246934.825236
[2026-03-23 06:22:15.829] Topic: set/cruise | Payload: 1774246935.8271794
[2026-03-23 06:22:16.829] Topic: set/cruise | Payload: 1774246936.827875
[2026-03-23 06:22:17.830] Topic: set/cruise | Payload: 1774246937.8281476
[2026-03-23 06:22:18.834] Topic: set/cruise | Payload: 1774246938.829303
[2026-03-23 06:22:19.833] Topic: set/cruise | Payload: 1774246939.830077
[2026-03-23 06:22:20.833] Topic: set/cruise | Payload: 1774246940.8312404
[2026-03-23 06:22:21.834] Topic: set/cruise | Payload: 1774246941.8316474
[2026-03-23 06:22:22.835] Topic: set/cruise | Payload: 1774246942.8332875
[2026-03-23 06:22:23.836] Topic: set/cruise | Payload: 1774246943.8338506
[2026-03-23 06:22:24.840] Topic: set/cruise | Payload: 1774246944.8360608
[2026-03-23 06:22:25.840] Topic: set/cruise | Payload: 1774246945.8380616
[2026-03-23 06:22:26.843] Topic: set/cruise | Payload: 1774246946.8409612
[2026-03-23 06:22:27.844] Topic: set/cruise | Payload: 1774246947.8426435
[2026-03-23 06:22:28.848] Topic: set/cruise | Payload: 1774246948.844965
[2026-03-23 06:22:29.849] Topic: set/cruise | Payload: 1774246949.8468668
[2026-03-23 06:22:30.851] Topic: set/cruise | Payload: 1774246950.849183
[2026-03-23 06:22:31.854] Topic: set/cruise | Payload: 1774246951.8516068
[2026-03-23 06:22:32.856] Topic: set/cruise | Payload: 1774246952.8542483
[2026-03-23 06:22:33.859] Topic: set/cruise | Payload: 1774246953.8574235
[2026-03-23 06:22:34.864] Topic: set/cruise | Payload: 1774246954.8613727
[2026-03-23 06:22:35.866] Topic: set/cruise | Payload: 1774246955.864149
[2026-03-23 06:22:36.869] Topic: set/cruise | Payload: 1774246956.865915
[2026-03-23 06:22:37.870] Topic: set/cruise | Payload: 1774246957.868225
[2026-03-23 06:22:38.873] Topic: set/cruise | Payload: 1774246958.8690464
[2026-03-23 06:22:39.873] Topic: set/cruise | Payload: 1774246959.8704312
[2026-03-23 06:22:40.874] Topic: set/cruise | Payload: 1774246960.8708606
[2026-03-23 06:22:41.876] Topic: set/cruise | Payload: 1774246961.873151
[2026-03-23 06:22:42.878] Topic: set/cruise | Payload: 1774246962.8751385
[2026-03-23 06:22:43.919] Topic: set/cruise | Payload: 1774246963.8763595
[2026-03-23 06:22:44.881] Topic: set/cruise | Payload: 1774246964.8778257
[2026-03-23 06:22:45.882] Topic: set/cruise | Payload: 1774246965.8797445
[2026-03-23 06:22:46.883] Topic: set/cruise | Payload: 1774246966.8810267
[2026-03-23 06:22:47.885] Topic: set/cruise | Payload: 1774246967.8835108
[2026-03-23 06:22:48.889] Topic: set/cruise | Payload: 1774246968.885605
[2026-03-23 06:22:49.888] Topic: set/cruise | Payload: 1774246969.8860574
[2026-03-23 06:22:50.890] Topic: set/cruise | Payload: 1774246970.8878057
[2026-03-23 06:22:51.897] Topic: set/cruise | Payload: 1774246971.8918824
[2026-03-23 06:22:52.897] Topic: set/cruise | Payload: 1774246972.893711
[2026-03-23 06:22:53.899] Topic: set/cruise | Payload: 1774246973.8954844
[2026-03-23 06:22:54.899] Topic: set/cruise | Payload: 1774246974.8961346
[2026-03-23 06:22:55.900] Topic: set/cruise | Payload: 1774246975.897827
[2026-03-23 06:22:56.901] Topic: set/cruise | Payload: 1774246976.899039
[2026-03-23 06:22:57.902] Topic: set/cruise | Payload: 1774246977.9002001
[2026-03-23 06:22:58.905] Topic: set/cruise | Payload: 1774246978.9017916
[2026-03-23 06:22:59.905] Topic: set/cruise | Payload: 1774246979.9033484
[2026-03-23 06:23:00.908] Topic: set/cruise | Payload: 1774246980.904104
[2026-03-23 06:23:01.909] Topic: set/cruise | Payload: 1774246981.905946
[2026-03-23 06:23:02.912] Topic: set/cruise | Payload: 1774246982.9072073
[2026-03-23 06:23:03.911] Topic: set/cruise | Payload: 1774246983.9082222
[2026-03-23 06:23:04.912] Topic: set/cruise | Payload: 1774246984.9090059
[2026-03-23 06:23:05.913] Topic: set/cruise | Payload: 1774246985.9094083
[2026-03-23 06:23:06.916] Topic: set/cruise | Payload: 1774246986.913087
[2026-03-23 06:23:07.920] Topic: set/cruise | Payload: 1774246987.915294
[2026-03-23 06:23:08.921] Topic: set/cruise | Payload: 1774246988.916952
[2026-03-23 06:23:09.922] Topic: set/cruise | Payload: 1774246989.919359
[2026-03-23 06:23:10.924] Topic: set/cruise | Payload: 1774246990.921443
[2026-03-23 06:23:11.925] Topic: set/cruise | Payload: 1774246991.9219546
[2026-03-23 06:23:12.926] Topic: set/cruise | Payload: 1774246992.923819
[2026-03-23 06:23:13.931] Topic: set/cruise | Payload: 1774246993.9279795
[2026-03-23 06:23:14.934] Topic: set/cruise | Payload: 1774246994.930151
[2026-03-23 06:23:15.936] Topic: set/cruise | Payload: 1774246995.9336596
[2026-03-23 06:23:16.939] Topic: set/cruise | Payload: 1774246996.9349174
[2026-03-23 06:23:17.939] Topic: set/cruise | Payload: 1774246997.935552
[2026-03-23 06:23:18.940] Topic: set/cruise | Payload: 1774246998.9381616
[2026-03-23 06:23:19.943] Topic: set/cruise | Payload: 1774246999.9397879
[2026-03-23 06:23:20.943] Topic: set/cruise | Payload: 1774247000.9411972
[2026-03-23 06:23:21.948] Topic: set/cruise | Payload: 1774247001.9451642
[2026-03-23 06:23:22.950] Topic: set/cruise | Payload: 1774247002.946547
[2026-03-23 06:23:23.952] Topic: set/cruise | Payload: 1774247003.9490805
[2026-03-23 06:23:24.954] Topic: set/cruise | Payload: 1774247004.950876
[2026-03-23 06:23:25.956] Topic: set/cruise | Payload: 1774247005.9529848
[2026-03-23 06:23:26.961] Topic: set/cruise | Payload: 1774247006.9586427
[2026-03-23 06:23:27.963] Topic: set/cruise | Payload: 1774247007.959934
[2026-03-23 06:23:28.964] Topic: set/cruise | Payload: 1774247008.9607124
[2026-03-23 06:23:29.965] Topic: set/cruise | Payload: 1774247009.9619312
[2026-03-23 06:23:30.966] Topic: set/cruise | Payload: 1774247010.9637463
[2026-03-23 06:23:31.969] Topic: set/cruise | Payload: 1774247011.9655669
[2026-03-23 06:23:32.969] Topic: set/cruise | Payload: 1774247012.966112
[2026-03-23 06:23:33.972] Topic: set/cruise | Payload: 1774247013.9695709
[2026-03-23 06:23:34.977] Topic: set/cruise | Payload: 1774247014.9730895
[2026-03-23 06:23:35.981] Topic: set/cruise | Payload: 1774247015.9772053
[2026-03-23 06:23:36.981] Topic: set/cruise | Payload: 1774247016.9789426
[2026-03-23 06:23:37.984] Topic: set/cruise | Payload: 1774247017.9796553
[2026-03-23 06:23:38.984] Topic: set/cruise | Payload: 1774247018.9811502
[2026-03-23 06:23:39.984] Topic: set/cruise | Payload: 1774247019.9818935
[2026-03-23 06:23:40.985] Topic: set/cruise | Payload: 1774247020.982228
[2026-03-23 06:23:41.985] Topic: set/cruise | Payload: 1774247021.9834638
[2026-03-23 06:23:42.987] Topic: set/cruise | Payload: 1774247022.9848194
[2026-03-23 06:23:44.030] Topic: set/cruise | Payload: 1774247023.9858718
[2026-03-23 06:23:44.990] Topic: set/cruise | Payload: 1774247024.9872458
[2026-03-23 06:23:45.991] Topic: set/cruise | Payload: 1774247025.988575
[2026-03-23 06:23:46.993] Topic: set/cruise | Payload: 1774247026.9897583
[2026-03-23 06:23:47.992] Topic: set/cruise | Payload: 1774247027.99053
[2026-03-23 06:23:48.993] Topic: set/cruise | Payload: 1774247028.9916956
[2026-03-23 06:23:49.996] Topic: set/cruise | Payload: 1774247029.9939277
[2026-03-23 06:23:50.996] Topic: set/cruise | Payload: 1774247030.9942358
[2026-03-23 06:23:51.996] Topic: set/cruise | Payload: 1774247031.9946177
[2026-03-23 06:23:52.998] Topic: set/cruise | Payload: 1774247032.9959795
[2026-03-23 06:23:53.999] Topic: set/cruise | Payload: 1774247033.9971
[2026-03-23 06:23:55.000] Topic: set/cruise | Payload: 1774247034.9983306
[2026-03-23 06:23:56.002] Topic: set/cruise | Payload: 1774247035.999621
[2026-03-23 06:23:57.003] Topic: set/cruise | Payload: 1774247036.999918
[2026-03-23 06:23:58.002] Topic: set/cruise | Payload: 1774247038.0011563
[2026-03-23 06:23:59.004] Topic: set/cruise | Payload: 1774247039.0019243
[2026-03-23 06:24:00.006] Topic: set/cruise | Payload: 1774247040.003503
[2026-03-23 06:24:01.007] Topic: set/cruise | Payload: 1774247041.0049121
[2026-03-23 06:24:02.009] Topic: set/cruise | Payload: 1774247042.0054865
[2026-03-23 06:24:03.007] Topic: set/cruise | Payload: 1774247043.0057259
[2026-03-23 06:24:04.009] Topic: set/cruise | Payload: 1774247044.0071282
[2026-03-23 06:24:05.010] Topic: set/cruise | Payload: 1774247045.0081384
[2026-03-23 06:24:06.011] Topic: set/cruise | Payload: 1774247046.009223
[2026-03-23 06:24:07.013] Topic: set/cruise | Payload: 1774247047.0105407
[2026-03-23 06:24:08.013] Topic: set/cruise | Payload: 1774247048.0116897
[2026-03-23 06:24:09.015] Topic: set/cruise | Payload: 1774247049.0130656
[2026-03-23 06:24:10.016] Topic: set/cruise | Payload: 1774247050.014448
[2026-03-23 06:24:11.018] Topic: set/cruise | Payload: 1774247051.0159738
[2026-03-23 06:24:12.019] Topic: set/cruise | Payload: 1774247052.0171041
[2026-03-23 06:24:13.020] Topic: set/cruise | Payload: 1774247053.0176277
[2026-03-23 06:24:14.021] Topic: set/cruise | Payload: 1774247054.018919
[2026-03-23 06:24:15.021] Topic: set/cruise | Payload: 1774247055.0191624
[2026-03-23 06:24:16.022] Topic: set/cruise | Payload: 1774247056.0203283
[2026-03-23 06:24:17.023] Topic: set/cruise | Payload: 1774247057.0210958
[2026-03-23 06:24:18.024] Topic: set/cruise | Payload: 1774247058.021743
[2026-03-23 06:24:19.024] Topic: set/cruise | Payload: 1774247059.0221722
[2026-03-23 06:24:20.027] Topic: set/cruise | Payload: 1774247060.0240445
[2026-03-23 06:24:21.032] Topic: set/cruise | Payload: 1774247061.0251274
[2026-03-23 06:24:22.027] Topic: set/cruise | Payload: 1774247062.0254006
[2026-03-23 06:24:23.029] Topic: set/cruise | Payload: 1774247063.0264392
[2026-03-23 06:24:24.029] Topic: set/cruise | Payload: 1774247064.0266953
[2026-03-23 06:24:25.029] Topic: set/cruise | Payload: 1774247065.0277414
[2026-03-23 06:24:26.031] Topic: set/cruise | Payload: 1774247066.0291057
[2026-03-23 06:24:27.032] Topic: set/cruise | Payload: 1774247067.0304055
[2026-03-23 06:24:28.034] Topic: set/cruise | Payload: 1774247068.0317502
[2026-03-23 06:24:29.035] Topic: set/cruise | Payload: 1774247069.0332048
[2026-03-23 06:24:30.036] Topic: set/cruise | Payload: 1774247070.034394
[2026-03-23 06:24:31.037] Topic: set/cruise | Payload: 1774247071.0353043
[2026-03-23 06:24:32.038] Topic: set/cruise | Payload: 1774247072.0370648
[2026-03-23 06:24:33.040] Topic: set/cruise | Payload: 1774247073.0382783
[2026-03-23 06:24:34.045] Topic: set/cruise | Payload: 1774247074.0407383
[2026-03-23 06:24:35.045] Topic: set/cruise | Payload: 1774247075.042943
[2026-03-23 06:24:36.047] Topic: set/cruise | Payload: 1774247076.0450735
[2026-03-23 06:24:37.049] Topic: set/cruise | Payload: 1774247077.046331
[2026-03-23 06:24:38.049] Topic: set/cruise | Payload: 1774247078.0479515
[2026-03-23 06:24:39.051] Topic: set/cruise | Payload: 1774247079.0490868
[2026-03-23 06:24:40.051] Topic: set/cruise | Payload: 1774247080.0494726
[2026-03-23 06:24:41.052] Topic: set/cruise | Payload: 1774247081.0504029
[2026-03-23 06:24:42.054] Topic: set/cruise | Payload: 1774247082.0522273
[2026-03-23 06:24:43.055] Topic: set/cruise | Payload: 1774247083.053173
[2026-03-23 06:24:44.059] Topic: set/cruise | Payload: 1774247084.0535796
[2026-03-23 06:24:45.057] Topic: set/cruise | Payload: 1774247085.0553713
[2026-03-23 06:24:46.058] Topic: set/cruise | Payload: 1774247086.0557346
[2026-03-23 06:24:47.058] Topic: set/cruise | Payload: 1774247087.0563715
[2026-03-23 06:24:48.059] Topic: set/cruise | Payload: 1774247088.0572531
[2026-03-23 06:24:49.060] Topic: set/cruise | Payload: 1774247089.0585291
[2026-03-23 06:24:50.061] Topic: set/cruise | Payload: 1774247090.0588892
[2026-03-23 06:24:51.062] Topic: set/cruise | Payload: 1774247091.060548
[2026-03-23 06:24:52.063] Topic: set/cruise | Payload: 1774247092.0611284
[2026-03-23 06:24:53.064] Topic: set/cruise | Payload: 1774247093.0628765
[2026-03-23 06:24:54.066] Topic: set/cruise | Payload: 1774247094.064145
[2026-03-23 06:24:55.067] Topic: set/cruise | Payload: 1774247095.0654862
[2026-03-23 06:24:56.069] Topic: set/cruise | Payload: 1774247096.0670488
[2026-03-23 06:24:57.070] Topic: set/cruise | Payload: 1774247097.068217
[2026-03-23 06:24:58.071] Topic: set/cruise | Payload: 1774247098.0691128
[2026-03-23 06:24:59.073] Topic: set/cruise | Payload: 1774247099.0708165
[2026-03-23 06:25:00.074] Topic: set/cruise | Payload: 1774247100.0719576
[2026-03-23 06:25:01.076] Topic: set/cruise | Payload: 1774247101.0732884
[2026-03-23 06:25:02.077] Topic: set/cruise | Payload: 1774247102.0755591
[2026-03-23 06:25:03.078] Topic: set/cruise | Payload: 1774247103.0763953
[2026-03-23 06:25:04.078] Topic: set/cruise | Payload: 1774247104.077006
[2026-03-23 06:25:05.080] Topic: set/cruise | Payload: 1774247105.0782027
[2026-03-23 06:25:06.080] Topic: set/cruise | Payload: 1774247106.078405
[2026-03-23 06:25:07.080] Topic: set/cruise | Payload: 1774247107.0790455
[2026-03-23 06:25:08.083] Topic: set/cruise | Payload: 1774247108.0805295
[2026-03-23 06:25:09.083] Topic: set/cruise | Payload: 1774247109.0811334
[2026-03-23 06:25:10.084] Topic: set/cruise | Payload: 1774247110.0823176
[2026-03-23 06:25:11.087] Topic: set/cruise | Payload: 1774247111.0844593
[2026-03-23 06:25:12.087] Topic: set/cruise | Payload: 1774247112.0851812
[2026-03-23 06:25:13.087] Topic: set/cruise | Payload: 1774247113.0858455
[2026-03-23 06:25:14.088] Topic: set/cruise | Payload: 1774247114.0861971
[2026-03-23 06:25:15.090] Topic: set/cruise | Payload: 1774247115.0884445
[2026-03-23 06:25:16.091] Topic: set/cruise | Payload: 1774247116.0889778
[2026-03-23 06:25:17.092] Topic: set/cruise | Payload: 1774247117.0903265
[2026-03-23 06:25:18.093] Topic: set/cruise | Payload: 1774247118.0905578
[2026-03-23 06:25:19.093] Topic: set/cruise | Payload: 1774247119.0911424
[2026-03-23 06:25:20.095] Topic: set/cruise | Payload: 1774247120.0933542
[2026-03-23 06:25:21.096] Topic: set/cruise | Payload: 1774247121.094232
[2026-03-23 06:25:22.097] Topic: set/cruise | Payload: 1774247122.0956478
[2026-03-23 06:25:23.099] Topic: set/cruise | Payload: 1774247123.0970695
[2026-03-23 06:25:24.101] Topic: set/cruise | Payload: 1774247124.0979567
[2026-03-23 06:25:25.101] Topic: set/cruise | Payload: 1774247125.0990672
[2026-03-23 06:25:26.102] Topic: set/cruise | Payload: 1774247126.1002085
[2026-03-23 06:25:27.105] Topic: set/cruise | Payload: 1774247127.1027796
[2026-03-23 06:25:28.105] Topic: set/cruise | Payload: 1774247128.1032584
[2026-03-23 06:25:29.106] Topic: set/cruise | Payload: 1774247129.1041539
[2026-03-23 06:25:30.107] Topic: set/cruise | Payload: 1774247130.1050906
[2026-03-23 06:25:31.107] Topic: set/cruise | Payload: 1774247131.1056964
[2026-03-23 06:25:32.109] Topic: set/cruise | Payload: 1774247132.1075366
[2026-03-23 06:25:33.110] Topic: set/cruise | Payload: 1774247133.1083517
[2026-03-23 06:25:34.116] Topic: set/cruise | Payload: 1774247134.1090631
[2026-03-23 06:25:35.113] Topic: set/cruise | Payload: 1774247135.1110241
[2026-03-23 06:25:36.116] Topic: set/cruise | Payload: 1774247136.113401
[2026-03-23 06:25:37.117] Topic: set/cruise | Payload: 1774247137.115134
[2026-03-23 06:25:38.119] Topic: set/cruise | Payload: 1774247138.1171527
[2026-03-23 06:25:39.121] Topic: set/cruise | Payload: 1774247139.119167
[2026-03-23 06:25:40.123] Topic: set/cruise | Payload: 1774247140.1204345
[2026-03-23 06:25:41.122] Topic: set/cruise | Payload: 1774247141.1209476
[2026-03-23 06:25:42.125] Topic: set/cruise | Payload: 1774247142.1221092
[2026-03-23 06:25:43.125] Topic: set/cruise | Payload: 1774247143.12262
[2026-03-23 06:25:44.126] Topic: set/cruise | Payload: 1774247144.1231027
[2026-03-23 06:25:45.127] Topic: set/cruise | Payload: 1774247145.125085
[2026-03-23 06:25:46.129] Topic: set/cruise | Payload: 1774247146.127176
[2026-03-23 06:25:47.131] Topic: set/cruise | Payload: 1774247147.1290467
[2026-03-23 06:25:48.132] Topic: set/cruise | Payload: 1774247148.1306596
[2026-03-23 06:25:49.133] Topic: set/cruise | Payload: 1774247149.1316397
[2026-03-23 06:25:50.135] Topic: set/cruise | Payload: 1774247150.1335049
[2026-03-23 06:25:51.140] Topic: set/cruise | Payload: 1774247151.1344805
[2026-03-23 06:25:52.138] Topic: set/cruise | Payload: 1774247152.1359596
[2026-03-23 06:25:53.139] Topic: set/cruise | Payload: 1774247153.1371865
[2026-03-23 06:25:54.141] Topic: set/cruise | Payload: 1774247154.1391754
[2026-03-23 06:25:55.142] Topic: set/cruise | Payload: 1774247155.1401017
[2026-03-23 06:25:56.143] Topic: set/cruise | Payload: 1774247156.1411145
[2026-03-23 06:25:57.144] Topic: set/cruise | Payload: 1774247157.1424308
[2026-03-23 06:25:58.149] Topic: set/cruise | Payload: 1774247158.143854
[2026-03-23 06:25:59.148] Topic: set/cruise | Payload: 1774247159.1465733
[2026-03-23 06:26:00.150] Topic: set/cruise | Payload: 1774247160.1484375
[2026-03-23 06:26:01.151] Topic: set/cruise | Payload: 1774247161.149084
[2026-03-23 06:26:02.153] Topic: set/cruise | Payload: 1774247162.1505115
[2026-03-23 06:26:03.159] Topic: set/cruise | Payload: 1774247163.1575518
[2026-03-23 06:26:04.161] Topic: set/cruise | Payload: 1774247164.1593041
[2026-03-23 06:26:05.163] Topic: set/cruise | Payload: 1774247165.1601095
[2026-03-23 06:26:06.162] Topic: set/cruise | Payload: 1774247166.1607852
[2026-03-23 06:26:07.163] Topic: set/cruise | Payload: 1774247167.1610842
[2026-03-23 06:26:08.163] Topic: set/cruise | Payload: 1774247168.161547
[2026-03-23 06:26:09.165] Topic: set/cruise | Payload: 1774247169.1634653
[2026-03-23 06:26:10.166] Topic: set/cruise | Payload: 1774247170.1641648
[2026-03-23 06:26:11.167] Topic: set/cruise | Payload: 1774247171.165737
[2026-03-23 06:26:12.170] Topic: set/cruise | Payload: 1774247172.1678226
[2026-03-23 06:26:13.171] Topic: set/cruise | Payload: 1774247173.169494
[2026-03-23 06:26:14.172] Topic: set/cruise | Payload: 1774247174.1707397
[2026-03-23 06:26:15.175] Topic: set/cruise | Payload: 1774247175.173045
[2026-03-23 06:26:16.175] Topic: set/cruise | Payload: 1774247176.1735187
[2026-03-23 06:26:17.175] Topic: set/cruise | Payload: 1774247177.1737437
[2026-03-23 06:26:18.176] Topic: set/cruise | Payload: 1774247178.174051
[2026-03-23 06:26:19.176] Topic: set/cruise | Payload: 1774247179.1743073
[2026-03-23 06:26:20.178] Topic: set/cruise | Payload: 1774247180.1757255
[2026-03-23 06:26:21.180] Topic: set/cruise | Payload: 1774247181.1778517
[2026-03-23 06:26:22.184] Topic: set/cruise | Payload: 1774247182.1828089
[2026-03-23 06:26:23.186] Topic: set/cruise | Payload: 1774247183.1839209
[2026-03-23 06:26:24.188] Topic: set/cruise | Payload: 1774247184.1859498
[2026-03-23 06:26:25.189] Topic: set/cruise | Payload: 1774247185.1872904
[2026-03-23 06:26:26.190] Topic: set/cruise | Payload: 1774247186.1880155
[2026-03-23 06:26:27.192] Topic: set/cruise | Payload: 1774247187.1903214
[2026-03-23 06:26:28.197] Topic: set/cruise | Payload: 1774247188.1955278
[2026-03-23 06:26:29.199] Topic: set/cruise | Payload: 1774247189.1962104
[2026-03-23 06:26:30.199] Topic: set/cruise | Payload: 1774247190.1972241
[2026-03-23 06:26:31.201] Topic: set/cruise | Payload: 1774247191.19888
[2026-03-23 06:26:32.204] Topic: set/cruise | Payload: 1774247192.2014434
[2026-03-23 06:26:33.208] Topic: set/cruise | Payload: 1774247193.2035794
[2026-03-23 06:26:34.208] Topic: set/cruise | Payload: 1774247194.2044537
[2026-03-23 06:26:35.208] Topic: set/cruise | Payload: 1774247195.2064917
[2026-03-23 06:26:36.213] Topic: set/cruise | Payload: 1774247196.2108262
[2026-03-23 06:26:37.214] Topic: set/cruise | Payload: 1774247197.2126284
[2026-03-23 06:26:38.217] Topic: set/cruise | Payload: 1774247198.2146685
[2026-03-23 06:26:39.218] Topic: set/cruise | Payload: 1774247199.2164702
[2026-03-23 06:26:40.221] Topic: set/cruise | Payload: 1774247200.218774
[2026-03-23 06:26:41.226] Topic: set/cruise | Payload: 1774247201.223349
[2026-03-23 06:26:42.227] Topic: set/cruise | Payload: 1774247202.2246037
[2026-03-23 06:26:43.229] Topic: set/cruise | Payload: 1774247203.2267518
[2026-03-23 06:26:44.230] Topic: set/cruise | Payload: 1774247204.2279036
[2026-03-23 06:26:45.231] Topic: set/cruise | Payload: 1774247205.2293444
[2026-03-23 06:26:46.238] Topic: set/cruise | Payload: 1774247206.2348242
[2026-03-23 06:26:47.238] Topic: set/cruise | Payload: 1774247207.2360861
[2026-03-23 06:26:48.240] Topic: set/cruise | Payload: 1774247208.2377017
[2026-03-23 06:26:49.242] Topic: set/cruise | Payload: 1774247209.2389123
[2026-03-23 06:26:50.242] Topic: set/cruise | Payload: 1774247210.2406726
[2026-03-23 06:26:51.245] Topic: set/cruise | Payload: 1774247211.2433212
[2026-03-23 06:26:52.247] Topic: set/cruise | Payload: 1774247212.2440572
[2026-03-23 06:26:53.248] Topic: set/cruise | Payload: 1774247213.2456336
[2026-03-23 06:26:54.248] Topic: set/cruise | Payload: 1774247214.2462115
[2026-03-23 06:26:55.253] Topic: set/cruise | Payload: 1774247215.2485328
[2026-03-23 06:26:56.256] Topic: set/cruise | Payload: 1774247216.253556
[2026-03-23 06:26:57.258] Topic: set/cruise | Payload: 1774247217.2561007
[2026-03-23 06:26:58.262] Topic: set/cruise | Payload: 1774247218.2588027
[2026-03-23 06:26:59.263] Topic: set/cruise | Payload: 1774247219.2596166
[2026-03-23 06:27:00.265] Topic: set/cruise | Payload: 1774247220.2615678
[2026-03-23 06:27:01.267] Topic: set/cruise | Payload: 1774247221.2631943
[2026-03-23 06:27:02.268] Topic: set/cruise | Payload: 1774247222.265411
[2026-03-23 06:27:03.269] Topic: set/cruise | Payload: 1774247223.2668736
[2026-03-23 06:27:04.274] Topic: set/cruise | Payload: 1774247224.268892
[2026-03-23 06:27:05.272] Topic: set/cruise | Payload: 1774247225.26956
[2026-03-23 06:27:06.274] Topic: set/cruise | Payload: 1774247226.2721114
[2026-03-23 06:27:07.275] Topic: set/cruise | Payload: 1774247227.2730355
[2026-03-23 06:27:08.278] Topic: set/cruise | Payload: 1774247228.274337
[2026-03-23 06:27:09.277] Topic: set/cruise | Payload: 1774247229.2746878
[2026-03-23 06:27:10.279] Topic: set/cruise | Payload: 1774247230.276198
[2026-03-23 06:27:11.280] Topic: set/cruise | Payload: 1774247231.27762
[2026-03-23 06:27:12.281] Topic: set/cruise | Payload: 1774247232.278215
[2026-03-23 06:27:13.286] Topic: set/cruise | Payload: 1774247233.2793236
[2026-03-23 06:27:14.284] Topic: set/cruise | Payload: 1774247234.2806585
[2026-03-23 06:27:15.285] Topic: set/cruise | Payload: 1774247235.2826896
[2026-03-23 06:27:16.285] Topic: set/cruise | Payload: 1774247236.2833776
[2026-03-23 06:27:17.287] Topic: set/cruise | Payload: 1774247237.2845342
[2026-03-23 06:27:18.288] Topic: set/cruise | Payload: 1774247238.2854977
[2026-03-23 06:27:19.289] Topic: set/cruise | Payload: 1774247239.2866817
[2026-03-23 06:27:20.291] Topic: set/cruise | Payload: 1774247240.287977
[2026-03-23 06:27:21.293] Topic: set/cruise | Payload: 1774247241.289499
[2026-03-23 06:27:22.293] Topic: set/cruise | Payload: 1774247242.290767
[2026-03-23 06:27:23.296] Topic: set/cruise | Payload: 1774247243.2922328
[2026-03-23 06:27:24.298] Topic: set/cruise | Payload: 1774247244.293328
[2026-03-23 06:27:25.299] Topic: set/cruise | Payload: 1774247245.2944052
[2026-03-23 06:27:26.301] Topic: set/cruise | Payload: 1774247246.2970371
[2026-03-23 06:27:27.301] Topic: set/cruise | Payload: 1774247247.2984953
[2026-03-23 06:27:28.303] Topic: set/cruise | Payload: 1774247248.300173
[2026-03-23 06:27:29.305] Topic: set/cruise | Payload: 1774247249.302168
[2026-03-23 06:27:30.308] Topic: set/cruise | Payload: 1774247250.3031056
[2026-03-23 06:27:31.307] Topic: set/cruise | Payload: 1774247251.304673
[2026-03-23 06:27:32.308] Topic: set/cruise | Payload: 1774247252.305597
[2026-03-23 06:27:33.309] Topic: set/cruise | Payload: 1774247253.307304
[2026-03-23 06:27:34.314] Topic: set/cruise | Payload: 1774247254.3092384
[2026-03-23 06:27:35.312] Topic: set/cruise | Payload: 1774247255.3101642
[2026-03-23 06:27:36.314] Topic: set/cruise | Payload: 1774247256.3116539
[2026-03-23 06:27:37.337] Topic: set/cruise | Payload: 1774247257.3320775
[2026-03-23 06:27:38.336] Topic: set/cruise | Payload: 1774247258.3344672
[2026-03-23 06:27:39.340] Topic: set/cruise | Payload: 1774247259.335798
[2026-03-23 06:27:40.339] Topic: set/cruise | Payload: 1774247260.3375924
[2026-03-23 06:27:41.344] Topic: set/cruise | Payload: 1774247261.3408074
[2026-03-23 06:27:42.345] Topic: set/cruise | Payload: 1774247262.3424075
[2026-03-23 06:27:43.346] Topic: set/cruise | Payload: 1774247263.3432715
[2026-03-23 06:27:44.389] Topic: set/cruise | Payload: 1774247264.345195
[2026-03-23 06:27:45.349] Topic: set/cruise | Payload: 1774247265.3471148
[2026-03-23 06:27:46.350] Topic: set/cruise | Payload: 1774247266.3475993
[2026-03-23 06:27:47.352] Topic: set/cruise | Payload: 1774247267.349256
[2026-03-23 06:27:48.352] Topic: set/cruise | Payload: 1774247268.3504324
[2026-03-23 06:27:49.358] Topic: set/cruise | Payload: 1774247269.354403
[2026-03-23 06:27:50.359] Topic: set/cruise | Payload: 1774247270.3560185
[2026-03-23 06:27:51.361] Topic: set/cruise | Payload: 1774247271.3577342
[2026-03-23 06:27:52.361] Topic: set/cruise | Payload: 1774247272.3592596
[2026-03-23 06:27:53.363] Topic: set/cruise | Payload: 1774247273.3605294
[2026-03-23 06:27:54.364] Topic: set/cruise | Payload: 1774247274.362505
[2026-03-23 06:27:55.367] Topic: set/cruise | Payload: 1774247275.3650153
[2026-03-23 06:27:56.371] Topic: set/cruise | Payload: 1774247276.3663085
[2026-03-23 06:27:57.369] Topic: set/cruise | Payload: 1774247277.367792
[2026-03-23 06:27:58.370] Topic: set/cruise | Payload: 1774247278.3682716
[2026-03-23 06:27:59.371] Topic: set/cruise | Payload: 1774247279.3693118
[2026-03-23 06:28:00.376] Topic: set/cruise | Payload: 1774247280.3709784
[2026-03-23 06:28:01.379] Topic: set/cruise | Payload: 1774247281.3736033
[2026-03-23 06:28:02.379] Topic: set/cruise | Payload: 1774247282.3767953
[2026-03-23 06:28:03.381] Topic: set/cruise | Payload: 1774247283.3780496
[2026-03-23 06:28:04.382] Topic: set/cruise | Payload: 1774247284.379468
[2026-03-23 06:28:05.384] Topic: set/cruise | Payload: 1774247285.3812897
[2026-03-23 06:28:06.385] Topic: set/cruise | Payload: 1774247286.3827882
[2026-03-23 06:28:07.388] Topic: set/cruise | Payload: 1774247287.383787
[2026-03-23 06:28:08.387] Topic: set/cruise | Payload: 1774247288.3850946
[2026-03-23 06:28:09.391] Topic: set/cruise | Payload: 1774247289.3871994
[2026-03-23 06:28:10.393] Topic: set/cruise | Payload: 1774247290.389119
[2026-03-23 06:28:11.392] Topic: set/cruise | Payload: 1774247291.389589
[2026-03-23 06:28:12.394] Topic: set/cruise | Payload: 1774247292.3909016
[2026-03-23 06:28:13.397] Topic: set/cruise | Payload: 1774247293.3935337
[2026-03-23 06:28:14.400] Topic: set/cruise | Payload: 1774247294.396134
[2026-03-23 06:28:15.401] Topic: set/cruise | Payload: 1774247295.3973567
[2026-03-23 06:28:16.401] Topic: set/cruise | Payload: 1774247296.3978844
[2026-03-23 06:28:17.401] Topic: set/cruise | Payload: 1774247297.399085
[2026-03-23 06:28:18.402] Topic: set/cruise | Payload: 1774247298.399989
[2026-03-23 06:28:19.403] Topic: set/cruise | Payload: 1774247299.401356
[2026-03-23 06:28:20.405] Topic: set/cruise | Payload: 1774247300.402832
[2026-03-23 06:28:21.406] Topic: set/cruise | Payload: 1774247301.4041514
[2026-03-23 06:28:22.410] Topic: set/cruise | Payload: 1774247302.4057047
[2026-03-23 06:28:23.411] Topic: set/cruise | Payload: 1774247303.4073493
[2026-03-23 06:28:24.414] Topic: set/cruise | Payload: 1774247304.409452
[2026-03-23 06:28:25.413] Topic: set/cruise | Payload: 1774247305.4099746
[2026-03-23 06:28:26.415] Topic: set/cruise | Payload: 1774247306.4105253
[2026-03-23 06:28:27.417] Topic: set/cruise | Payload: 1774247307.4139235
[2026-03-23 06:28:28.419] Topic: set/cruise | Payload: 1774247308.415204
[2026-03-23 06:28:29.419] Topic: set/cruise | Payload: 1774247309.4164817
[2026-03-23 06:28:30.420] Topic: set/cruise | Payload: 1774247310.417279
[2026-03-23 06:28:31.422] Topic: set/cruise | Payload: 1774247311.4187872
[2026-03-23 06:28:32.434] Topic: set/cruise | Payload: 1774247312.431323
[2026-03-23 06:28:33.437] Topic: set/cruise | Payload: 1774247313.4335773
[2026-03-23 06:28:34.437] Topic: set/cruise | Payload: 1774247314.434308
[2026-03-23 06:28:35.440] Topic: set/cruise | Payload: 1774247315.4355488
[2026-03-23 06:28:36.443] Topic: set/cruise | Payload: 1774247316.4387867
[2026-03-23 06:28:37.447] Topic: set/cruise | Payload: 1774247317.4418907
[2026-03-23 06:28:38.449] Topic: set/cruise | Payload: 1774247318.443688
[2026-03-23 06:28:39.451] Topic: set/cruise | Payload: 1774247319.4453168
[2026-03-23 06:28:40.494] Topic: set/cruise | Payload: 1774247320.4472413
[2026-03-23 06:28:41.451] Topic: set/cruise | Payload: 1774247321.44858
[2026-03-23 06:28:42.491] Topic: set/cruise | Payload: 1774247322.4497905
[2026-03-23 06:28:43.456] Topic: set/cruise | Payload: 1774247323.451335
[2026-03-23 06:28:44.464] Topic: set/cruise | Payload: 1774247324.4537702
[2026-03-23 06:28:45.458] Topic: set/cruise | Payload: 1774247325.4543533
[2026-03-23 06:28:46.459] Topic: set/cruise | Payload: 1774247326.4555104
[2026-03-23 06:28:47.499] Topic: set/cruise | Payload: 1774247327.4570465
[2026-03-23 06:28:48.491] Topic: set/cruise | Payload: 1774247328.4582121
[2026-03-23 06:28:49.499] Topic: set/cruise | Payload: 1774247329.4933853
[2026-03-23 06:28:50.498] Topic: set/cruise | Payload: 1774247330.4955223
[2026-03-23 06:28:51.504] Topic: set/cruise | Payload: 1774247331.4966648
[2026-03-23 06:28:52.502] Topic: set/cruise | Payload: 1774247332.4987712
[2026-03-23 06:28:53.505] Topic: set/cruise | Payload: 1774247333.4996974
[2026-03-23 06:28:54.511] Topic: set/cruise | Payload: 1774247334.5014765
[2026-03-23 06:28:55.508] Topic: set/cruise | Payload: 1774247335.502843
[2026-03-23 06:28:56.506] Topic: set/cruise | Payload: 1774247336.5036626
[2026-03-23 06:28:57.513] Topic: set/cruise | Payload: 1774247337.509465
[2026-03-23 06:28:58.513] Topic: set/cruise | Payload: 1774247338.5102627
[2026-03-23 06:28:59.517] Topic: set/cruise | Payload: 1774247339.5118027
[2026-03-23 06:29:00.517] Topic: set/cruise | Payload: 1774247340.5136914
[2026-03-23 06:29:01.524] Topic: set/cruise | Payload: 1774247341.5155551
[2026-03-23 06:29:02.522] Topic: set/cruise | Payload: 1774247342.517503
[2026-03-23 06:29:03.530] Topic: set/cruise | Payload: 1774247343.51937
[2026-03-23 06:29:04.528] Topic: set/cruise | Payload: 1774247344.5200434
[2026-03-23 06:29:05.530] Topic: set/cruise | Payload: 1774247345.5269504
[2026-03-23 06:29:06.532] Topic: set/cruise | Payload: 1774247346.5281184
[2026-03-23 06:29:07.535] Topic: set/cruise | Payload: 1774247347.5304322
[2026-03-23 06:29:08.536] Topic: set/cruise | Payload: 1774247348.532434
[2026-03-23 06:29:09.542] Topic: set/cruise | Payload: 1774247349.533119
[2026-03-23 06:29:10.547] Topic: set/cruise | Payload: 1774247350.5340621
[2026-03-23 06:29:11.542] Topic: set/cruise | Payload: 1774247351.5374167
[2026-03-23 06:29:12.547] Topic: set/cruise | Payload: 1774247352.539398
[2026-03-23 06:29:13.550] Topic: set/cruise | Payload: 1774247353.5419407
[2026-03-23 06:29:14.550] Topic: set/cruise | Payload: 1774247354.5426142
[2026-03-23 06:29:15.556] Topic: set/cruise | Payload: 1774247355.5431876
[2026-03-23 06:29:16.552] Topic: set/cruise | Payload: 1774247356.54513
[2026-03-23 06:29:17.552] Topic: set/cruise | Payload: 1774247357.5471761
[2026-03-23 06:29:18.557] Topic: set/cruise | Payload: 1774247358.54891
[2026-03-23 06:29:19.559] Topic: set/cruise | Payload: 1774247359.5496235
[2026-03-23 06:29:20.559] Topic: set/cruise | Payload: 1774247360.5501316
[2026-03-23 06:29:21.562] Topic: set/cruise | Payload: 1774247361.5541525
[2026-03-23 06:29:22.564] Topic: set/cruise | Payload: 1774247362.55543
[2026-03-23 06:29:23.566] Topic: set/cruise | Payload: 1774247363.557315
[2026-03-23 06:29:24.579] Topic: set/cruise | Payload: 1774247364.5610883
[2026-03-23 06:29:25.570] Topic: set/cruise | Payload: 1774247365.5635266
[2026-03-23 06:29:26.567] Topic: set/cruise | Payload: 1774247366.5645719
[2026-03-23 06:29:27.572] Topic: set/cruise | Payload: 1774247367.565273
[2026-03-23 06:29:28.573] Topic: set/cruise | Payload: 1774247368.567483
[2026-03-23 06:29:29.584] Topic: set/cruise | Payload: 1774247369.568745
[2026-03-23 06:29:30.575] Topic: set/cruise | Payload: 1774247370.5702782
[2026-03-23 06:29:31.578] Topic: set/cruise | Payload: 1774247371.5723512
[2026-03-23 06:29:32.580] Topic: set/cruise | Payload: 1774247372.5745058
[2026-03-23 06:29:33.582] Topic: set/cruise | Payload: 1774247373.5759232
[2026-03-23 06:29:34.583] Topic: set/cruise | Payload: 1774247374.5770516
[2026-03-23 06:29:35.593] Topic: set/cruise | Payload: 1774247375.579037
[2026-03-23 06:29:36.594] Topic: set/cruise | Payload: 1774247376.5802925
[2026-03-23 06:29:37.587] Topic: set/cruise | Payload: 1774247377.5817046
[2026-03-23 06:29:38.592] Topic: set/cruise | Payload: 1774247378.5836718
[2026-03-23 06:29:39.595] Topic: set/cruise | Payload: 1774247379.5851555
[2026-03-23 06:29:40.597] Topic: set/cruise | Payload: 1774247380.5868845
[2026-03-23 06:29:41.594] Topic: set/cruise | Payload: 1774247381.5885239
[2026-03-23 06:29:42.595] Topic: set/cruise | Payload: 1774247382.5897415
[2026-03-23 06:29:43.609] Topic: set/cruise | Payload: 1774247383.5904398
[2026-03-23 06:29:44.597] Topic: set/cruise | Payload: 1774247384.5923574
[2026-03-23 06:29:45.604] Topic: set/cruise | Payload: 1774247385.5931177
[2026-03-23 06:29:46.598] Topic: set/cruise | Payload: 1774247386.5945034
[2026-03-23 06:29:47.602] Topic: set/cruise | Payload: 1774247387.5956595
[2026-03-23 06:29:48.612] Topic: set/cruise | Payload: 1774247388.597006
[2026-03-23 06:29:49.604] Topic: set/cruise | Payload: 1774247389.5992868
[2026-03-23 06:29:50.618] Topic: set/cruise | Payload: 1774247390.5996614
[2026-03-23 06:29:51.609] Topic: set/cruise | Payload: 1774247391.599977
[2026-03-23 06:29:52.613] Topic: set/cruise | Payload: 1774247392.6015399
[2026-03-23 06:29:53.607] Topic: set/cruise | Payload: 1774247393.6021712
[2026-03-23 06:29:54.611] Topic: set/cruise | Payload: 1774247394.6035998
[2026-03-23 06:29:55.611] Topic: set/cruise | Payload: 1774247395.6052089
[2026-03-23 06:29:56.620] Topic: set/cruise | Payload: 1774247396.606915
[2026-03-23 06:29:57.611] Topic: set/cruise | Payload: 1774247397.608001
[2026-03-23 06:29:58.616] Topic: set/cruise | Payload: 1774247398.6090236
[2026-03-23 06:29:59.625] Topic: set/cruise | Payload: 1774247399.6100397
[2026-03-23 06:30:00.617] Topic: set/cruise | Payload: 1774247400.610775
[2026-03-23 06:30:01.629] Topic: set/cruise | Payload: 1774247401.612175
[2026-03-23 06:30:02.618] Topic: set/cruise | Payload: 1774247402.6130445
[2026-03-23 06:30:03.619] Topic: set/cruise | Payload: 1774247403.6146421
[2026-03-23 06:30:04.622] Topic: set/cruise | Payload: 1774247404.616102
[2026-03-23 06:30:05.621] Topic: set/cruise | Payload: 1774247405.6170578
[2026-03-23 06:30:06.628] Topic: set/cruise | Payload: 1774247406.6175177
[2026-03-23 06:30:07.644] Topic: set/cruise | Payload: 1774247407.6189175
[2026-03-23 06:30:08.633] Topic: set/cruise | Payload: 1774247408.61927
[2026-03-23 06:30:09.633] Topic: set/cruise | Payload: 1774247409.619648
[2026-03-23 06:30:10.626] Topic: set/cruise | Payload: 1774247410.621026
[2026-03-23 06:30:11.627] Topic: set/cruise | Payload: 1774247411.6220095
[2026-03-23 06:30:12.625] Topic: set/cruise | Payload: 1774247412.6234305
[2026-03-23 06:30:13.629] Topic: set/cruise | Payload: 1774247413.6237006
[2026-03-23 06:30:14.635] Topic: set/cruise | Payload: 1774247414.6251688
[2026-03-23 06:30:15.634] Topic: set/cruise | Payload: 1774247415.6266673
[2026-03-23 06:30:16.638] Topic: set/cruise | Payload: 1774247416.629319
[2026-03-23 06:30:17.642] Topic: set/cruise | Payload: 1774247417.6309602
[2026-03-23 06:30:18.641] Topic: set/cruise | Payload: 1774247418.633506
[2026-03-23 06:30:19.643] Topic: set/cruise | Payload: 1774247419.6364799
[2026-03-23 06:30:20.642] Topic: set/cruise | Payload: 1774247420.6372218
[2026-03-23 06:30:21.649] Topic: set/cruise | Payload: 1774247421.6378863
[2026-03-23 06:30:22.643] Topic: set/cruise | Payload: 1774247422.6392212
[2026-03-23 06:30:23.649] Topic: set/cruise | Payload: 1774247423.6402807
[2026-03-23 06:30:24.647] Topic: set/cruise | Payload: 1774247424.6415012
[2026-03-23 06:30:25.649] Topic: set/cruise | Payload: 1774247425.6430004
[2026-03-23 06:30:26.659] Topic: set/cruise | Payload: 1774247426.6439648
[2026-03-23 06:30:27.652] Topic: set/cruise | Payload: 1774247427.6453345
[2026-03-23 06:30:28.653] Topic: set/cruise | Payload: 1774247428.6467333
[2026-03-23 06:30:29.669] Topic: set/cruise | Payload: 1774247429.6484222
[2026-03-23 06:30:30.654] Topic: set/cruise | Payload: 1774247430.6498752
[2026-03-23 06:30:31.653] Topic: set/cruise | Payload: 1774247431.6507494
[2026-03-23 06:30:32.666] Topic: set/cruise | Payload: 1774247432.6511097
[2026-03-23 06:30:33.673] Topic: set/cruise | Payload: 1774247433.651785
[2026-03-23 06:30:34.662] Topic: set/cruise | Payload: 1774247434.6530943
[2026-03-23 06:30:35.661] Topic: set/cruise | Payload: 1774247435.6540334
[2026-03-23 06:30:36.662] Topic: set/cruise | Payload: 1774247436.6545832
[2026-03-23 06:30:37.662] Topic: set/cruise | Payload: 1774247437.6555517
[2026-03-23 06:30:38.668] Topic: set/cruise | Payload: 1774247438.6569777
[2026-03-23 06:30:39.661] Topic: set/cruise | Payload: 1774247439.6578417
[2026-03-23 06:30:40.665] Topic: set/cruise | Payload: 1774247440.6582935
[2026-03-23 06:30:41.664] Topic: set/cruise | Payload: 1774247441.659778
[2026-03-23 06:30:42.664] Topic: set/cruise | Payload: 1774247442.6611516
[2026-03-23 06:30:43.712] Topic: set/cruise | Payload: 1774247443.6618903
[2026-03-23 06:30:44.665] Topic: set/cruise | Payload: 1774247444.6629148
[2026-03-23 06:30:45.669] Topic: set/cruise | Payload: 1774247445.6637404
[2026-03-23 06:30:46.675] Topic: set/cruise | Payload: 1774247446.6653223
[2026-03-23 06:30:47.670] Topic: set/cruise | Payload: 1774247447.666199
[2026-03-23 06:30:48.674] Topic: set/cruise | Payload: 1774247448.6675177
[2026-03-23 06:30:49.676] Topic: set/cruise | Payload: 1774247449.6699674
[2026-03-23 06:30:50.673] Topic: set/cruise | Payload: 1774247450.6706638
[2026-03-23 06:30:51.675] Topic: set/cruise | Payload: 1774247451.6723297
[2026-03-23 06:30:52.676] Topic: set/cruise | Payload: 1774247452.6730123
[2026-03-23 06:30:53.680] Topic: set/cruise | Payload: 1774247453.6749852
[2026-03-23 06:30:54.683] Topic: set/cruise | Payload: 1774247454.677182
[2026-03-23 06:30:55.682] Topic: set/cruise | Payload: 1774247455.6779623
[2026-03-23 06:30:56.685] Topic: set/cruise | Payload: 1774247456.6790667
[2026-03-23 06:30:57.684] Topic: set/cruise | Payload: 1774247457.6800516
[2026-03-23 06:30:58.686] Topic: set/cruise | Payload: 1774247458.6809938
[2026-03-23 06:30:59.688] Topic: set/cruise | Payload: 1774247459.6813397
[2026-03-23 06:31:00.691] Topic: set/cruise | Payload: 1774247460.6828504
[2026-03-23 06:31:01.688] Topic: set/cruise | Payload: 1774247461.6840577
[2026-03-23 06:31:02.689] Topic: set/cruise | Payload: 1774247462.6859405
[2026-03-23 06:31:03.694] Topic: set/cruise | Payload: 1774247463.6878595
[2026-03-23 06:31:04.695] Topic: set/cruise | Payload: 1774247464.689025
[2026-03-23 06:31:05.693] Topic: set/cruise | Payload: 1774247465.6895936
[2026-03-23 06:31:06.693] Topic: set/cruise | Payload: 1774247466.690458
[2026-03-23 06:31:07.698] Topic: set/cruise | Payload: 1774247467.6930997
[2026-03-23 06:31:08.697] Topic: set/cruise | Payload: 1774247468.694245
[2026-03-23 06:31:09.699] Topic: set/cruise | Payload: 1774247469.6957767
[2026-03-23 06:31:10.700] Topic: set/cruise | Payload: 1774247470.6970632
[2026-03-23 06:31:11.704] Topic: set/cruise | Payload: 1774247471.6976645
[2026-03-23 06:31:12.707] Topic: set/cruise | Payload: 1774247472.6998158
[2026-03-23 06:31:13.706] Topic: set/cruise | Payload: 1774247473.7010338
[2026-03-23 06:31:14.704] Topic: set/cruise | Payload: 1774247474.7016835
[2026-03-23 06:31:15.711] Topic: set/cruise | Payload: 1774247475.7025287
[2026-03-23 06:31:16.709] Topic: set/cruise | Payload: 1774247476.7037983
[2026-03-23 06:31:17.711] Topic: set/cruise | Payload: 1774247477.7055452
[2026-03-23 06:31:18.716] Topic: set/cruise | Payload: 1774247478.706443
[2026-03-23 06:31:19.713] Topic: set/cruise | Payload: 1774247479.7080686
[2026-03-23 06:31:20.711] Topic: set/cruise | Payload: 1774247480.7089791
[2026-03-23 06:31:21.712] Topic: set/cruise | Payload: 1774247481.7095668
[2026-03-23 06:31:22.719] Topic: set/cruise | Payload: 1774247482.7101922
[2026-03-23 06:31:23.714] Topic: set/cruise | Payload: 1774247483.7109485
[2026-03-23 06:31:24.715] Topic: set/cruise | Payload: 1774247484.7121196
[2026-03-23 06:31:25.719] Topic: set/cruise | Payload: 1774247485.7132025
[2026-03-23 06:31:26.718] Topic: set/cruise | Payload: 1774247486.7137403
[2026-03-23 06:31:27.717] Topic: set/cruise | Payload: 1774247487.7141724
[2026-03-23 06:31:28.721] Topic: set/cruise | Payload: 1774247488.7150717
[2026-03-23 06:31:29.721] Topic: set/cruise | Payload: 1774247489.7172723
[2026-03-23 06:31:30.721] Topic: set/cruise | Payload: 1774247490.717695
[2026-03-23 06:31:31.721] Topic: set/cruise | Payload: 1774247491.71888
[2026-03-23 06:31:32.723] Topic: set/cruise | Payload: 1774247492.7194638
[2026-03-23 06:31:33.724] Topic: set/cruise | Payload: 1774247493.7200081
[2026-03-23 06:31:34.725] Topic: set/cruise | Payload: 1774247494.723055
[2026-03-23 06:31:35.726] Topic: set/cruise | Payload: 1774247495.7236788
[2026-03-23 06:31:36.727] Topic: set/cruise | Payload: 1774247496.7251387
[2026-03-23 06:31:37.729] Topic: set/cruise | Payload: 1774247497.7256312
[2026-03-23 06:31:38.729] Topic: set/cruise | Payload: 1774247498.7271233
[2026-03-23 06:31:39.731] Topic: set/cruise | Payload: 1774247499.7290542
[2026-03-23 06:31:40.732] Topic: set/cruise | Payload: 1774247500.7295275
[2026-03-23 06:31:41.737] Topic: set/cruise | Payload: 1774247501.731894
[2026-03-23 06:31:42.736] Topic: set/cruise | Payload: 1774247502.733001
[2026-03-23 06:31:43.737] Topic: set/cruise | Payload: 1774247503.7343752
[2026-03-23 06:31:44.738] Topic: set/cruise | Payload: 1774247504.7358665
[2026-03-23 06:31:45.740] Topic: set/cruise | Payload: 1774247505.7366655
[2026-03-23 06:31:46.742] Topic: set/cruise | Payload: 1774247506.7390814
[2026-03-23 06:31:47.745] Topic: set/cruise | Payload: 1774247507.7421875
[2026-03-23 06:31:48.745] Topic: set/cruise | Payload: 1774247508.7427971
[2026-03-23 06:31:49.750] Topic: set/cruise | Payload: 1774247509.7452493
[2026-03-23 06:31:50.753] Topic: set/cruise | Payload: 1774247510.7495143
[2026-03-23 06:31:51.753] Topic: set/cruise | Payload: 1774247511.7500274
[2026-03-23 06:31:52.755] Topic: set/cruise | Payload: 1774247512.7520404
[2026-03-23 06:31:53.755] Topic: set/cruise | Payload: 1774247513.7532969
[2026-03-23 06:31:54.759] Topic: set/cruise | Payload: 1774247514.75383
[2026-03-23 06:31:55.757] Topic: set/cruise | Payload: 1774247515.7546937
[2026-03-23 06:31:56.758] Topic: set/cruise | Payload: 1774247516.7560039
[2026-03-23 06:31:57.760] Topic: set/cruise | Payload: 1774247517.7578225
[2026-03-23 06:31:58.763] Topic: set/cruise | Payload: 1774247518.7592247
[2026-03-23 06:31:59.763] Topic: set/cruise | Payload: 1774247519.7613895
[2026-03-23 06:32:00.765] Topic: set/cruise | Payload: 1774247520.7622979
[2026-03-23 06:32:01.767] Topic: set/cruise | Payload: 1774247521.7641947
[2026-03-23 06:32:02.768] Topic: set/cruise | Payload: 1774247522.765689
[2026-03-23 06:32:03.770] Topic: set/cruise | Payload: 1774247523.7676566
[2026-03-23 06:32:04.773] Topic: set/cruise | Payload: 1774247524.7700279
[2026-03-23 06:32:05.774] Topic: set/cruise | Payload: 1774247525.772247
[2026-03-23 06:32:06.776] Topic: set/cruise | Payload: 1774247526.7732658
[2026-03-23 06:32:07.777] Topic: set/cruise | Payload: 1774247527.7747738
[2026-03-23 06:32:08.779] Topic: set/cruise | Payload: 1774247528.7761378
[2026-03-23 06:32:09.780] Topic: set/cruise | Payload: 1774247529.7783172
[2026-03-23 06:32:10.782] Topic: set/cruise | Payload: 1774247530.7801702
[2026-03-23 06:32:11.784] Topic: set/cruise | Payload: 1774247531.7814138
[2026-03-23 06:32:12.785] Topic: set/cruise | Payload: 1774247532.7827516
[2026-03-23 06:32:13.790] Topic: set/cruise | Payload: 1774247533.7836816
[2026-03-23 06:32:14.792] Topic: set/cruise | Payload: 1774247534.7852752
[2026-03-23 06:32:15.791] Topic: set/cruise | Payload: 1774247535.7863307
[2026-03-23 06:32:16.791] Topic: set/cruise | Payload: 1774247536.787959
[2026-03-23 06:32:17.791] Topic: set/cruise | Payload: 1774247537.788382
[2026-03-23 06:32:18.794] Topic: set/cruise | Payload: 1774247538.7897742
[2026-03-23 06:32:19.797] Topic: set/cruise | Payload: 1774247539.791866
[2026-03-23 06:32:20.797] Topic: set/cruise | Payload: 1774247540.7927737
[2026-03-23 06:32:21.799] Topic: set/cruise | Payload: 1774247541.7940323
[2026-03-23 06:32:22.800] Topic: set/cruise | Payload: 1774247542.7966435
[2026-03-23 06:32:23.802] Topic: set/cruise | Payload: 1774247543.7980978
[2026-03-23 06:32:24.808] Topic: set/cruise | Payload: 1774247544.7997172
[2026-03-23 06:32:25.804] Topic: set/cruise | Payload: 1774247545.8007226
[2026-03-23 06:32:26.805] Topic: set/cruise | Payload: 1774247546.8026526
[2026-03-23 06:32:27.808] Topic: set/cruise | Payload: 1774247547.8058074
[2026-03-23 06:32:28.809] Topic: set/cruise | Payload: 1774247548.8061247
[2026-03-23 06:32:29.814] Topic: set/cruise | Payload: 1774247549.8077378
[2026-03-23 06:32:30.812] Topic: set/cruise | Payload: 1774247550.8095403
[2026-03-23 06:32:31.818] Topic: set/cruise | Payload: 1774247551.8115878
[2026-03-23 06:32:32.816] Topic: set/cruise | Payload: 1774247552.813176
[2026-03-23 06:32:33.817] Topic: set/cruise | Payload: 1774247553.8143866
[2026-03-23 06:32:34.819] Topic: set/cruise | Payload: 1774247554.8171482
[2026-03-23 06:32:35.822] Topic: set/cruise | Payload: 1774247555.8194268
[2026-03-23 06:32:36.822] Topic: set/cruise | Payload: 1774247556.8202498
[2026-03-23 06:32:37.828] Topic: set/cruise | Payload: 1774247557.8259103
[2026-03-23 06:32:38.831] Topic: set/cruise | Payload: 1774247558.8277993
[2026-03-23 06:32:39.838] Topic: set/cruise | Payload: 1774247559.8302534
[2026-03-23 06:32:40.835] Topic: set/cruise | Payload: 1774247560.832244
[2026-03-23 06:32:41.835] Topic: set/cruise | Payload: 1774247561.833066
[2026-03-23 06:32:42.840] Topic: set/cruise | Payload: 1774247562.833615
[2026-03-23 06:32:43.839] Topic: set/cruise | Payload: 1774247563.8340914
[2026-03-23 06:32:44.838] Topic: set/cruise | Payload: 1774247564.8354251
[2026-03-23 06:32:45.841] Topic: set/cruise | Payload: 1774247565.8380482
[2026-03-23 06:32:46.843] Topic: set/cruise | Payload: 1774247566.840239
[2026-03-23 06:32:47.844] Topic: set/cruise | Payload: 1774247567.8416483
[2026-03-23 06:32:48.846] Topic: set/cruise | Payload: 1774247568.842773
[2026-03-23 06:32:49.846] Topic: set/cruise | Payload: 1774247569.8436449
[2026-03-23 06:32:50.847] Topic: set/cruise | Payload: 1774247570.8448498
[2026-03-23 06:32:51.848] Topic: set/cruise | Payload: 1774247571.8454604
[2026-03-23 06:32:52.850] Topic: set/cruise | Payload: 1774247572.847655
[2026-03-23 06:32:53.852] Topic: set/cruise | Payload: 1774247573.849012
[2026-03-23 06:32:54.854] Topic: set/cruise | Payload: 1774247574.8513727
[2026-03-23 06:32:55.859] Topic: set/cruise | Payload: 1774247575.855285
[2026-03-23 06:32:56.859] Topic: set/cruise | Payload: 1774247576.856739
[2026-03-23 06:32:57.863] Topic: set/cruise | Payload: 1774247577.8575487
[2026-03-23 06:32:58.862] Topic: set/cruise | Payload: 1774247578.8588488
[2026-03-23 06:32:59.864] Topic: set/cruise | Payload: 1774247579.861263
[2026-03-23 06:33:00.868] Topic: set/cruise | Payload: 1774247580.8631947
[2026-03-23 06:33:01.868] Topic: set/cruise | Payload: 1774247581.8646796
[2026-03-23 06:33:02.869] Topic: set/cruise | Payload: 1774247582.8664305
[2026-03-23 06:33:03.875] Topic: set/cruise | Payload: 1774247583.8708167
[2026-03-23 06:33:04.878] Topic: set/cruise | Payload: 1774247584.8743634
[2026-03-23 06:33:05.882] Topic: set/cruise | Payload: 1774247585.8761034
[2026-03-23 06:33:06.881] Topic: set/cruise | Payload: 1774247586.8788857
[2026-03-23 06:33:07.884] Topic: set/cruise | Payload: 1774247587.882075
[2026-03-23 06:33:08.889] Topic: set/cruise | Payload: 1774247588.8834233
[2026-03-23 06:33:09.888] Topic: set/cruise | Payload: 1774247589.8842442
[2026-03-23 06:33:10.890] Topic: set/cruise | Payload: 1774247590.8855052
[2026-03-23 06:33:11.891] Topic: set/cruise | Payload: 1774247591.8877482
[2026-03-23 06:33:12.892] Topic: set/cruise | Payload: 1774247592.8893962
[2026-03-23 06:33:13.895] Topic: set/cruise | Payload: 1774247593.891682
[2026-03-23 06:33:14.898] Topic: set/cruise | Payload: 1774247594.8940809
[2026-03-23 06:33:15.898] Topic: set/cruise | Payload: 1774247595.8953705
[2026-03-23 06:33:16.900] Topic: set/cruise | Payload: 1774247596.897156
[2026-03-23 06:33:17.905] Topic: set/cruise | Payload: 1774247597.899318
[2026-03-23 06:33:18.905] Topic: set/cruise | Payload: 1774247598.9018373
[2026-03-23 06:33:19.906] Topic: set/cruise | Payload: 1774247599.903009
[2026-03-23 06:33:20.909] Topic: set/cruise | Payload: 1774247600.905289
[2026-03-23 06:33:21.910] Topic: set/cruise | Payload: 1774247601.9072316
[2026-03-23 06:33:22.916] Topic: set/cruise | Payload: 1774247602.9112256
[2026-03-23 06:33:23.919] Topic: set/cruise | Payload: 1774247603.9136205
[2026-03-23 06:33:24.932] Topic: set/cruise | Payload: 1774247604.917371
[2026-03-23 06:33:25.922] Topic: set/cruise | Payload: 1774247605.9199512
[2026-03-23 06:33:26.930] Topic: set/cruise | Payload: 1774247606.9221847
[2026-03-23 06:33:27.928] Topic: set/cruise | Payload: 1774247607.9250336
[2026-03-23 06:33:28.929] Topic: set/cruise | Payload: 1774247608.9258695
[2026-03-23 06:33:29.932] Topic: set/cruise | Payload: 1774247609.927658
[2026-03-23 06:33:30.934] Topic: set/cruise | Payload: 1774247610.9295063
[2026-03-23 06:33:31.933] Topic: set/cruise | Payload: 1774247611.930651
[2026-03-23 06:33:32.936] Topic: set/cruise | Payload: 1774247612.9328935
[2026-03-23 06:33:33.936] Topic: set/cruise | Payload: 1774247613.9333284
[2026-03-23 06:33:34.939] Topic: set/cruise | Payload: 1774247614.9365504
[2026-03-23 06:33:35.943] Topic: set/cruise | Payload: 1774247615.9403355
[2026-03-23 06:33:36.947] Topic: set/cruise | Payload: 1774247616.9418187
[2026-03-23 06:33:37.948] Topic: set/cruise | Payload: 1774247617.9439197
[2026-03-23 06:33:38.953] Topic: set/cruise | Payload: 1774247618.949648
[2026-03-23 06:33:39.955] Topic: set/cruise | Payload: 1774247619.950384
[2026-03-23 06:33:40.956] Topic: set/cruise | Payload: 1774247620.9529095
[2026-03-23 06:33:41.960] Topic: set/cruise | Payload: 1774247621.955287
[2026-03-23 06:33:42.959] Topic: set/cruise | Payload: 1774247622.9562056
[2026-03-23 06:33:43.963] Topic: set/cruise | Payload: 1774247623.9586196
[2026-03-23 06:33:44.964] Topic: set/cruise | Payload: 1774247624.9606857
[2026-03-23 06:33:45.967] Topic: set/cruise | Payload: 1774247625.9635801
[2026-03-23 06:33:46.968] Topic: set/cruise | Payload: 1774247626.9651303
[2026-03-23 06:33:47.973] Topic: set/cruise | Payload: 1774247627.9678683
[2026-03-23 06:33:48.976] Topic: set/cruise | Payload: 1774247628.9692578
[2026-03-23 06:33:49.979] Topic: set/cruise | Payload: 1774247629.9697173
[2026-03-23 06:33:50.974] Topic: set/cruise | Payload: 1774247630.970834
[2026-03-23 06:33:51.981] Topic: set/cruise | Payload: 1774247631.9723337
[2026-03-23 06:33:52.977] Topic: set/cruise | Payload: 1774247632.9739916
[2026-03-23 06:33:53.988] Topic: set/cruise | Payload: 1774247633.9746933
[2026-03-23 06:33:54.979] Topic: set/cruise | Payload: 1774247634.9763935
[2026-03-23 06:33:55.980] Topic: set/cruise | Payload: 1774247635.9772284
[2026-03-23 06:33:56.985] Topic: set/cruise | Payload: 1774247636.9790034
[2026-03-23 06:33:57.985] Topic: set/cruise | Payload: 1774247637.9797533
[2026-03-23 06:33:58.988] Topic: set/cruise | Payload: 1774247638.9824603
[2026-03-23 06:33:59.985] Topic: set/cruise | Payload: 1774247639.9833353
[2026-03-23 06:34:00.995] Topic: set/cruise | Payload: 1774247640.9846616
[2026-03-23 06:34:01.991] Topic: set/cruise | Payload: 1774247641.986209
[2026-03-23 06:34:02.992] Topic: set/cruise | Payload: 1774247642.9876115
[2026-03-23 06:34:03.994] Topic: set/cruise | Payload: 1774247643.9884365
[2026-03-23 06:34:04.993] Topic: set/cruise | Payload: 1774247644.989039
[2026-03-23 06:34:05.992] Topic: set/cruise | Payload: 1774247645.9895532
[2026-03-23 06:34:06.995] Topic: set/cruise | Payload: 1774247646.9916108
[2026-03-23 06:34:07.997] Topic: set/cruise | Payload: 1774247647.9925056
[2026-03-23 06:34:08.997] Topic: set/cruise | Payload: 1774247648.9930224
[2026-03-23 06:34:09.997] Topic: set/cruise | Payload: 1774247649.9940953
[2026-03-23 06:34:10.999] Topic: set/cruise | Payload: 1774247650.9944026
[2026-03-23 06:34:12.000] Topic: set/cruise | Payload: 1774247651.9955122
[2026-03-23 06:34:13.001] Topic: set/cruise | Payload: 1774247652.9976838
[2026-03-23 06:34:14.001] Topic: set/cruise | Payload: 1774247653.9983852
[2026-03-23 06:34:15.003] Topic: set/cruise | Payload: 1774247654.9997694
[2026-03-23 06:34:16.006] Topic: set/cruise | Payload: 1774247656.0011072
[2026-03-23 06:34:17.009] Topic: set/cruise | Payload: 1774247657.0015352
[2026-03-23 06:34:18.005] Topic: set/cruise | Payload: 1774247658.0027907
[2026-03-23 06:34:19.007] Topic: set/cruise | Payload: 1774247659.0037043
[2026-03-23 06:34:20.009] Topic: set/cruise | Payload: 1774247660.0050912
[2026-03-23 06:34:21.009] Topic: set/cruise | Payload: 1774247661.0064864
[2026-03-23 06:34:22.010] Topic: set/cruise | Payload: 1774247662.0083222
[2026-03-23 06:34:23.013] Topic: set/cruise | Payload: 1774247663.0092912
[2026-03-23 06:34:24.012] Topic: set/cruise | Payload: 1774247664.0096326
[2026-03-23 06:34:25.014] Topic: set/cruise | Payload: 1774247665.011047
[2026-03-23 06:34:26.016] Topic: set/cruise | Payload: 1774247666.0122542
[2026-03-23 06:34:27.019] Topic: set/cruise | Payload: 1774247667.013295
[2026-03-23 06:34:28.017] Topic: set/cruise | Payload: 1774247668.014666
[2026-03-23 06:34:29.022] Topic: set/cruise | Payload: 1774247669.0161085
[2026-03-23 06:34:30.022] Topic: set/cruise | Payload: 1774247670.0171
[2026-03-23 06:34:31.020] Topic: set/cruise | Payload: 1774247671.017685
[2026-03-23 06:34:32.020] Topic: set/cruise | Payload: 1774247672.0179164
[2026-03-23 06:34:33.027] Topic: set/cruise | Payload: 1774247673.0187669
[2026-03-23 06:34:34.025] Topic: set/cruise | Payload: 1774247674.0197873
[2026-03-23 06:34:35.029] Topic: set/cruise | Payload: 1774247675.0211833
[2026-03-23 06:34:36.031] Topic: set/cruise | Payload: 1774247676.0222883
[2026-03-23 06:34:37.024] Topic: set/cruise | Payload: 1774247677.0225425
[2026-03-23 06:34:38.026] Topic: set/cruise | Payload: 1774247678.0228922
[2026-03-23 06:34:39.036] Topic: set/cruise | Payload: 1774247679.0242653
[2026-03-23 06:34:40.035] Topic: set/cruise | Payload: 1774247680.024994
[2026-03-23 06:34:41.031] Topic: set/cruise | Payload: 1774247681.0261352
[2026-03-23 06:34:42.042] Topic: set/cruise | Payload: 1774247682.0273197
[2026-03-23 06:34:43.032] Topic: set/cruise | Payload: 1774247683.0285022
[2026-03-23 06:34:44.033] Topic: set/cruise | Payload: 1774247684.029148
[2026-03-23 06:34:45.033] Topic: set/cruise | Payload: 1774247685.030399
[2026-03-23 06:34:46.041] Topic: set/cruise | Payload: 1774247686.0310996
[2026-03-23 06:34:47.034] Topic: set/cruise | Payload: 1774247687.0323665
[2026-03-23 06:34:48.036] Topic: set/cruise | Payload: 1774247688.0334144
[2026-03-23 06:34:49.037] Topic: set/cruise | Payload: 1774247689.034655
[2026-03-23 06:34:50.042] Topic: set/cruise | Payload: 1774247690.0368261
[2026-03-23 06:34:51.039] Topic: set/cruise | Payload: 1774247691.037362
[2026-03-23 06:34:52.043] Topic: set/cruise | Payload: 1774247692.0379171
[2026-03-23 06:34:53.042] Topic: set/cruise | Payload: 1774247693.039607
[2026-03-23 06:34:54.052] Topic: set/cruise | Payload: 1774247694.0406387
[2026-03-23 06:34:55.045] Topic: set/cruise | Payload: 1774247695.0410016
[2026-03-23 06:34:56.051] Topic: set/cruise | Payload: 1774247696.0419304
[2026-03-23 06:34:57.047] Topic: set/cruise | Payload: 1774247697.043235
[2026-03-23 06:34:58.049] Topic: set/cruise | Payload: 1774247698.0447595
[2026-03-23 06:34:59.049] Topic: set/cruise | Payload: 1774247699.0451741
[2026-03-23 06:35:00.053] Topic: set/cruise | Payload: 1774247700.0492933
[2026-03-23 06:35:01.059] Topic: set/cruise | Payload: 1774247701.0503757
[2026-03-23 06:35:02.061] Topic: set/cruise | Payload: 1774247702.0516381
[2026-03-23 06:35:03.056] Topic: set/cruise | Payload: 1774247703.0535498
[2026-03-23 06:35:04.059] Topic: set/cruise | Payload: 1774247704.0549843
[2026-03-23 06:35:05.062] Topic: set/cruise | Payload: 1774247705.0568955
[2026-03-23 06:35:06.066] Topic: set/cruise | Payload: 1774247706.057393
[2026-03-23 06:35:07.064] Topic: set/cruise | Payload: 1774247707.0589793
[2026-03-23 06:35:08.066] Topic: set/cruise | Payload: 1774247708.0601878
[2026-03-23 06:35:09.066] Topic: set/cruise | Payload: 1774247709.0615091
[2026-03-23 06:35:10.065] Topic: set/cruise | Payload: 1774247710.062194
[2026-03-23 06:35:11.068] Topic: set/cruise | Payload: 1774247711.063124
[2026-03-23 06:35:12.070] Topic: set/cruise | Payload: 1774247712.065404
[2026-03-23 06:35:13.068] Topic: set/cruise | Payload: 1774247713.0665646
[2026-03-23 06:35:14.070] Topic: set/cruise | Payload: 1774247714.0672753
[2026-03-23 06:35:15.074] Topic: set/cruise | Payload: 1774247715.0686924
[2026-03-23 06:35:16.071] Topic: set/cruise | Payload: 1774247716.0691414
[2026-03-23 06:35:17.079] Topic: set/cruise | Payload: 1774247717.070555
[2026-03-23 06:35:18.078] Topic: set/cruise | Payload: 1774247718.0716393
[2026-03-23 06:35:19.084] Topic: set/cruise | Payload: 1774247719.0755436
[2026-03-23 06:35:20.082] Topic: set/cruise | Payload: 1774247720.0773535
[2026-03-23 06:35:21.082] Topic: set/cruise | Payload: 1774247721.0776992
[2026-03-23 06:35:22.084] Topic: set/cruise | Payload: 1774247722.0794914
[2026-03-23 06:35:23.087] Topic: set/cruise | Payload: 1774247723.081877
[2026-03-23 06:35:24.087] Topic: set/cruise | Payload: 1774247724.082933
[2026-03-23 06:35:25.088] Topic: set/cruise | Payload: 1774247725.0855925
[2026-03-23 06:35:26.094] Topic: set/cruise | Payload: 1774247726.086517
[2026-03-23 06:35:27.093] Topic: set/cruise | Payload: 1774247727.0880425
[2026-03-23 06:35:28.093] Topic: set/cruise | Payload: 1774247728.0890472
[2026-03-23 06:35:29.097] Topic: set/cruise | Payload: 1774247729.0906456
[2026-03-23 06:35:30.094] Topic: set/cruise | Payload: 1774247730.0918972
[2026-03-23 06:35:31.095] Topic: set/cruise | Payload: 1774247731.0930045
[2026-03-23 06:35:32.096] Topic: set/cruise | Payload: 1774247732.0936606
[2026-03-23 06:35:33.098] Topic: set/cruise | Payload: 1774247733.0950096
[2026-03-23 06:35:34.097] Topic: set/cruise | Payload: 1774247734.095385
[2026-03-23 06:35:35.105] Topic: set/cruise | Payload: 1774247735.0959952
[2026-03-23 06:35:36.100] Topic: set/cruise | Payload: 1774247736.0970368
[2026-03-23 06:35:37.103] Topic: set/cruise | Payload: 1774247737.099779
[2026-03-23 06:35:38.103] Topic: set/cruise | Payload: 1774247738.1016388
[2026-03-23 06:35:39.110] Topic: set/cruise | Payload: 1774247739.1022527
[2026-03-23 06:35:40.105] Topic: set/cruise | Payload: 1774247740.1027465
[2026-03-23 06:35:41.110] Topic: set/cruise | Payload: 1774247741.1051886
[2026-03-23 06:35:42.110] Topic: set/cruise | Payload: 1774247742.1082652
[2026-03-23 06:35:43.114] Topic: set/cruise | Payload: 1774247743.1090717
[2026-03-23 06:35:44.120] Topic: set/cruise | Payload: 1774247744.1099076
[2026-03-23 06:35:45.116] Topic: set/cruise | Payload: 1774247745.1112537
[2026-03-23 06:35:46.122] Topic: set/cruise | Payload: 1774247746.1116595
[2026-03-23 06:35:47.124] Topic: set/cruise | Payload: 1774247747.1131682
[2026-03-23 06:35:48.118] Topic: set/cruise | Payload: 1774247748.1148736
[2026-03-23 06:35:49.118] Topic: set/cruise | Payload: 1774247749.115505
[2026-03-23 06:35:50.124] Topic: set/cruise | Payload: 1774247750.1176403
[2026-03-23 06:35:51.124] Topic: set/cruise | Payload: 1774247751.1206744
[2026-03-23 06:35:52.125] Topic: set/cruise | Payload: 1774247752.1219509
[2026-03-23 06:35:53.125] Topic: set/cruise | Payload: 1774247753.1232994
[2026-03-23 06:35:54.127] Topic: set/cruise | Payload: 1774247754.1252553
[2026-03-23 06:35:55.134] Topic: set/cruise | Payload: 1774247755.1275034
[2026-03-23 06:35:56.133] Topic: set/cruise | Payload: 1774247756.129014
[2026-03-23 06:35:57.133] Topic: set/cruise | Payload: 1774247757.1305275
[2026-03-23 06:35:58.135] Topic: set/cruise | Payload: 1774247758.133071
[2026-03-23 06:35:59.137] Topic: set/cruise | Payload: 1774247759.1341012
[2026-03-23 06:36:00.140] Topic: set/cruise | Payload: 1774247760.1356957
[2026-03-23 06:36:01.146] Topic: set/cruise | Payload: 1774247761.138316
[2026-03-23 06:36:02.142] Topic: set/cruise | Payload: 1774247762.1387346
[2026-03-23 06:36:03.157] Topic: set/cruise | Payload: 1774247763.1402223
[2026-03-23 06:36:04.151] Topic: set/cruise | Payload: 1774247764.141241
[2026-03-23 06:36:05.155] Topic: set/cruise | Payload: 1774247765.1421304
[2026-03-23 06:36:06.149] Topic: set/cruise | Payload: 1774247766.143786
[2026-03-23 06:36:07.157] Topic: set/cruise | Payload: 1774247767.1445343
[2026-03-23 06:36:08.154] Topic: set/cruise | Payload: 1774247768.145751
[2026-03-23 06:36:09.153] Topic: set/cruise | Payload: 1774247769.1473339
[2026-03-23 06:36:10.157] Topic: set/cruise | Payload: 1774247770.149287
[2026-03-23 06:36:11.156] Topic: set/cruise | Payload: 1774247771.1515274
[2026-03-23 06:36:12.160] Topic: set/cruise | Payload: 1774247772.1532183
[2026-03-23 06:36:13.157] Topic: set/cruise | Payload: 1774247773.154599
[2026-03-23 06:36:14.169] Topic: set/cruise | Payload: 1774247774.1555784
[2026-03-23 06:36:15.180] Topic: set/cruise | Payload: 1774247775.1576066
[2026-03-23 06:36:16.161] Topic: set/cruise | Payload: 1774247776.1581082
[2026-03-23 06:36:17.166] Topic: set/cruise | Payload: 1774247777.1591585
[2026-03-23 06:36:18.166] Topic: set/cruise | Payload: 1774247778.16095
[2026-03-23 06:36:19.171] Topic: set/cruise | Payload: 1774247779.1630285
[2026-03-23 06:36:20.172] Topic: set/cruise | Payload: 1774247780.1651886
[2026-03-23 06:36:21.170] Topic: set/cruise | Payload: 1774247781.1663501
[2026-03-23 06:36:22.170] Topic: set/cruise | Payload: 1774247782.1667652
[2026-03-23 06:36:23.188] Topic: set/cruise | Payload: 1774247783.1797094
[2026-03-23 06:36:24.191] Topic: set/cruise | Payload: 1774247784.1815434
[2026-03-23 06:36:25.192] Topic: set/cruise | Payload: 1774247785.1821039
[2026-03-23 06:36:26.191] Topic: set/cruise | Payload: 1774247786.1838014
[2026-03-23 06:36:27.188] Topic: set/cruise | Payload: 1774247787.1847591
[2026-03-23 06:36:28.202] Topic: set/cruise | Payload: 1774247788.186315
[2026-03-23 06:36:29.193] Topic: set/cruise | Payload: 1774247789.1873188
[2026-03-23 06:36:30.192] Topic: set/cruise | Payload: 1774247790.188753
[2026-03-23 06:36:31.200] Topic: set/cruise | Payload: 1774247791.1912656
[2026-03-23 06:36:32.200] Topic: set/cruise | Payload: 1774247792.1932049
[2026-03-23 06:36:33.200] Topic: set/cruise | Payload: 1774247793.1941004
[2026-03-23 06:36:34.199] Topic: set/cruise | Payload: 1774247794.1943188
[2026-03-23 06:36:35.215] Topic: set/cruise | Payload: 1774247795.195758
[2026-03-23 06:36:36.211] Topic: set/cruise | Payload: 1774247796.1971457
[2026-03-23 06:36:37.215] Topic: set/cruise | Payload: 1774247797.1976786
[2026-03-23 06:36:38.203] Topic: set/cruise | Payload: 1774247798.2001505
[2026-03-23 06:36:39.223] Topic: set/cruise | Payload: 1774247799.2012258
[2026-03-23 06:36:40.213] Topic: set/cruise | Payload: 1774247800.2030566
[2026-03-23 06:36:41.208] Topic: set/cruise | Payload: 1774247801.2045379
[2026-03-23 06:36:42.214] Topic: set/cruise | Payload: 1774247802.2060194
[2026-03-23 06:36:43.215] Topic: set/cruise | Payload: 1774247803.207712
[2026-03-23 06:36:44.214] Topic: set/cruise | Payload: 1774247804.2089999
[2026-03-23 06:36:45.214] Topic: set/cruise | Payload: 1774247805.210617
[2026-03-23 06:36:46.223] Topic: set/cruise | Payload: 1774247806.2110934
[2026-03-23 06:36:47.233] Topic: set/cruise | Payload: 1774247807.2131271
[2026-03-23 06:36:48.218] Topic: set/cruise | Payload: 1774247808.2140973
[2026-03-23 06:36:49.224] Topic: set/cruise | Payload: 1774247809.215447
[2026-03-23 06:36:50.222] Topic: set/cruise | Payload: 1774247810.2178295
[2026-03-23 06:36:51.230] Topic: set/cruise | Payload: 1774247811.2193444
[2026-03-23 06:36:52.231] Topic: set/cruise | Payload: 1774247812.2209134
[2026-03-23 06:36:53.224] Topic: set/cruise | Payload: 1774247813.2224107
[2026-03-23 06:36:54.238] Topic: set/cruise | Payload: 1774247814.2254303
[2026-03-23 06:36:55.245] Topic: set/cruise | Payload: 1774247815.2265701
[2026-03-23 06:36:56.243] Topic: set/cruise | Payload: 1774247816.227765
[2026-03-23 06:36:57.233] Topic: set/cruise | Payload: 1774247817.230711
[2026-03-23 06:36:58.242] Topic: set/cruise | Payload: 1774247818.2326822
[2026-03-23 06:36:59.238] Topic: set/cruise | Payload: 1774247819.2338061
[2026-03-23 06:37:00.238] Topic: set/cruise | Payload: 1774247820.234461
[2026-03-23 06:37:01.242] Topic: set/cruise | Payload: 1774247821.2363715
[2026-03-23 06:37:02.244] Topic: set/cruise | Payload: 1774247822.23744
[2026-03-23 06:37:03.248] Topic: set/cruise | Payload: 1774247823.2377157
[2026-03-23 06:37:04.246] Topic: set/cruise | Payload: 1774247824.2402039
[2026-03-23 06:37:05.244] Topic: set/cruise | Payload: 1774247825.2414746
[2026-03-23 06:37:06.263] Topic: set/cruise | Payload: 1774247826.2434187
[2026-03-23 06:37:07.254] Topic: set/cruise | Payload: 1774247827.2445104
[2026-03-23 06:37:08.263] Topic: set/cruise | Payload: 1774247828.246175
[2026-03-23 06:37:09.254] Topic: set/cruise | Payload: 1774247829.2469652
[2026-03-23 06:37:10.253] Topic: set/cruise | Payload: 1774247830.2489488
[2026-03-23 06:37:11.255] Topic: set/cruise | Payload: 1774247831.249676
[2026-03-23 06:37:12.263] Topic: set/cruise | Payload: 1774247832.2550354
[2026-03-23 06:37:13.259] Topic: set/cruise | Payload: 1774247833.2565124
[2026-03-23 06:37:14.263] Topic: set/cruise | Payload: 1774247834.2585258
[2026-03-23 06:37:15.266] Topic: set/cruise | Payload: 1774247835.2612443
[2026-03-23 06:37:16.274] Topic: set/cruise | Payload: 1774247836.2628906
[2026-03-23 06:37:17.274] Topic: set/cruise | Payload: 1774247837.263955
[2026-03-23 06:37:18.277] Topic: set/cruise | Payload: 1774247838.265947
[2026-03-23 06:37:19.283] Topic: set/cruise | Payload: 1774247839.267489
[2026-03-23 06:37:20.289] Topic: set/cruise | Payload: 1774247840.269037
[2026-03-23 06:37:21.275] Topic: set/cruise | Payload: 1774247841.2721431
[2026-03-23 06:37:22.280] Topic: set/cruise | Payload: 1774247842.2741756
[2026-03-23 06:37:23.282] Topic: set/cruise | Payload: 1774247843.2750828
[2026-03-23 06:37:24.307] Topic: set/cruise | Payload: 1774247844.2767987
[2026-03-23 06:37:25.286] Topic: set/cruise | Payload: 1774247845.2791872
[2026-03-23 06:37:26.287] Topic: set/cruise | Payload: 1774247846.280569
[2026-03-23 06:37:27.288] Topic: set/cruise | Payload: 1774247847.2828894
[2026-03-23 06:37:28.287] Topic: set/cruise | Payload: 1774247848.2837389
[2026-03-23 06:37:29.302] Topic: set/cruise | Payload: 1774247849.2853713
[2026-03-23 06:37:30.297] Topic: set/cruise | Payload: 1774247850.2875001
[2026-03-23 06:37:31.306] Topic: set/cruise | Payload: 1774247851.2898517
[2026-03-23 06:37:32.306] Topic: set/cruise | Payload: 1774247852.2913418
[2026-03-23 06:37:33.319] Topic: set/cruise | Payload: 1774247853.2919445
[2026-03-23 06:37:34.297] Topic: set/cruise | Payload: 1774247854.2936175
[2026-03-23 06:37:35.300] Topic: set/cruise | Payload: 1774247855.2956495
[2026-03-23 06:37:36.306] Topic: set/cruise | Payload: 1774247856.2958958
[2026-03-23 06:37:37.306] Topic: set/cruise | Payload: 1774247857.2975056
[2026-03-23 06:37:38.310] Topic: set/cruise | Payload: 1774247858.2981975
[2026-03-23 06:37:39.307] Topic: set/cruise | Payload: 1774247859.2989545
[2026-03-23 06:37:40.310] Topic: set/cruise | Payload: 1774247860.3005471
[2026-03-23 06:37:41.306] Topic: set/cruise | Payload: 1774247861.3020587
[2026-03-23 06:37:42.306] Topic: set/cruise | Payload: 1774247862.3030944
[2026-03-23 06:37:43.311] Topic: set/cruise | Payload: 1774247863.3038828
[2026-03-23 06:37:44.313] Topic: set/cruise | Payload: 1774247864.304981
[2026-03-23 06:37:45.328] Topic: set/cruise | Payload: 1774247865.3058527
[2026-03-23 06:37:46.314] Topic: set/cruise | Payload: 1774247866.3067799
[2026-03-23 06:37:47.317] Topic: set/cruise | Payload: 1774247867.3084128
[2026-03-23 06:37:48.315] Topic: set/cruise | Payload: 1774247868.3091235
[2026-03-23 06:37:49.318] Topic: set/cruise | Payload: 1774247869.3110597
[2026-03-23 06:37:50.331] Topic: set/cruise | Payload: 1774247870.3138373
[2026-03-23 06:37:51.319] Topic: set/cruise | Payload: 1774247871.315329
[2026-03-23 06:37:52.320] Topic: set/cruise | Payload: 1774247872.3170779
[2026-03-23 06:37:53.328] Topic: set/cruise | Payload: 1774247873.3192277
[2026-03-23 06:37:54.326] Topic: set/cruise | Payload: 1774247874.3203685
[2026-03-23 06:37:55.328] Topic: set/cruise | Payload: 1774247875.3226762
[2026-03-23 06:37:56.334] Topic: set/cruise | Payload: 1774247876.323498
[2026-03-23 06:37:57.335] Topic: set/cruise | Payload: 1774247877.325358
[2026-03-23 06:37:58.346] Topic: set/cruise | Payload: 1774247878.3273618
[2026-03-23 06:37:59.345] Topic: set/cruise | Payload: 1774247879.3285391
[2026-03-23 06:38:00.340] Topic: set/cruise | Payload: 1774247880.33088
[2026-03-23 06:38:01.341] Topic: set/cruise | Payload: 1774247881.3329248
[2026-03-23 06:38:02.339] Topic: set/cruise | Payload: 1774247882.3343682
[2026-03-23 06:38:03.343] Topic: set/cruise | Payload: 1774247883.3362987
[2026-03-23 06:38:04.344] Topic: set/cruise | Payload: 1774247884.3383145
[2026-03-23 06:38:05.353] Topic: set/cruise | Payload: 1774247885.3427207
[2026-03-23 06:38:06.352] Topic: set/cruise | Payload: 1774247886.343343
[2026-03-23 06:38:07.357] Topic: set/cruise | Payload: 1774247887.3439198
[2026-03-23 06:38:08.359] Topic: set/cruise | Payload: 1774247888.3450263
[2026-03-23 06:38:09.350] Topic: set/cruise | Payload: 1774247889.3458633
[2026-03-23 06:38:10.355] Topic: set/cruise | Payload: 1774247890.3489985
[2026-03-23 06:38:11.354] Topic: set/cruise | Payload: 1774247891.35046
[2026-03-23 06:38:12.362] Topic: set/cruise | Payload: 1774247892.3535666
[2026-03-23 06:38:13.362] Topic: set/cruise | Payload: 1774247893.355764
[2026-03-23 06:38:14.370] Topic: set/cruise | Payload: 1774247894.3572462
[2026-03-23 06:38:15.365] Topic: set/cruise | Payload: 1774247895.3588617
[2026-03-23 06:38:16.363] Topic: set/cruise | Payload: 1774247896.3607583
[2026-03-23 06:38:17.371] Topic: set/cruise | Payload: 1774247897.3626208
[2026-03-23 06:38:18.369] Topic: set/cruise | Payload: 1774247898.3648424
[2026-03-23 06:38:19.373] Topic: set/cruise | Payload: 1774247899.3653805
[2026-03-23 06:38:20.374] Topic: set/cruise | Payload: 1774247900.3668528
[2026-03-23 06:38:21.374] Topic: set/cruise | Payload: 1774247901.3693254
[2026-03-23 06:38:22.377] Topic: set/cruise | Payload: 1774247902.3736155
[2026-03-23 06:38:23.385] Topic: set/cruise | Payload: 1774247903.3767602
[2026-03-23 06:38:24.382] Topic: set/cruise | Payload: 1774247904.379801
[2026-03-23 06:38:25.389] Topic: set/cruise | Payload: 1774247905.3805044
[2026-03-23 06:38:26.390] Topic: set/cruise | Payload: 1774247906.3809733
[2026-03-23 06:38:27.388] Topic: set/cruise | Payload: 1774247907.3828974
[2026-03-23 06:38:28.388] Topic: set/cruise | Payload: 1774247908.3850944
[2026-03-23 06:38:29.390] Topic: set/cruise | Payload: 1774247909.3867178
[2026-03-23 06:38:30.391] Topic: set/cruise | Payload: 1774247910.3881042
[2026-03-23 06:38:31.397] Topic: set/cruise | Payload: 1774247911.3900924
[2026-03-23 06:38:32.397] Topic: set/cruise | Payload: 1774247912.3908982
[2026-03-23 06:38:33.397] Topic: set/cruise | Payload: 1774247913.3930953
[2026-03-23 06:38:34.399] Topic: set/cruise | Payload: 1774247914.3948147
[2026-03-23 06:38:35.401] Topic: set/cruise | Payload: 1774247915.3969119
[2026-03-23 06:38:36.405] Topic: set/cruise | Payload: 1774247916.3977344
[2026-03-23 06:38:37.402] Topic: set/cruise | Payload: 1774247917.3992388
[2026-03-23 06:38:38.404] Topic: set/cruise | Payload: 1774247918.4013667
[2026-03-23 06:38:39.410] Topic: set/cruise | Payload: 1774247919.4025736
[2026-03-23 06:38:40.413] Topic: set/cruise | Payload: 1774247920.4040225
[2026-03-23 06:38:41.418] Topic: set/cruise | Payload: 1774247921.4059362
[2026-03-23 06:38:42.410] Topic: set/cruise | Payload: 1774247922.4076636
[2026-03-23 06:38:43.416] Topic: set/cruise | Payload: 1774247923.4080853
[2026-03-23 06:38:44.419] Topic: set/cruise | Payload: 1774247924.4117393
[2026-03-23 06:38:45.419] Topic: set/cruise | Payload: 1774247925.4125826
[2026-03-23 06:38:46.416] Topic: set/cruise | Payload: 1774247926.4137404
[2026-03-23 06:38:47.422] Topic: set/cruise | Payload: 1774247927.415866
[2026-03-23 06:38:48.423] Topic: set/cruise | Payload: 1774247928.4173036
[2026-03-23 06:38:49.433] Topic: set/cruise | Payload: 1774247929.4203994
[2026-03-23 06:38:50.429] Topic: set/cruise | Payload: 1774247930.4212031
[2026-03-23 06:38:51.429] Topic: set/cruise | Payload: 1774247931.423323
[2026-03-23 06:38:52.520] Topic: set/cruise | Payload: 1774247932.5134509
[2026-03-23 06:38:53.519] Topic: set/cruise | Payload: 1774247933.515855
[2026-03-23 06:38:54.521] Topic: set/cruise | Payload: 1774247934.5176609
[2026-03-23 06:38:55.523] Topic: set/cruise | Payload: 1774247935.5197475
[2026-03-23 06:38:56.543] Topic: set/cruise | Payload: 1774247936.5212092
[2026-03-23 06:38:57.535] Topic: set/cruise | Payload: 1774247937.5297
[2026-03-23 06:38:58.539] Topic: set/cruise | Payload: 1774247938.5313175
[2026-03-23 06:38:59.538] Topic: set/cruise | Payload: 1774247939.532823
[2026-03-23 06:39:00.542] Topic: set/cruise | Payload: 1774247940.5351093
[2026-03-23 06:39:01.544] Topic: set/cruise | Payload: 1774247941.5387285
[2026-03-23 06:39:02.546] Topic: set/cruise | Payload: 1774247942.5392296
[2026-03-23 06:39:03.548] Topic: set/cruise | Payload: 1774247943.5407014
[2026-03-23 06:39:04.547] Topic: set/cruise | Payload: 1774247944.5433369
[2026-03-23 06:39:05.568] Topic: set/cruise | Payload: 1774247945.54457
[2026-03-23 06:39:06.549] Topic: set/cruise | Payload: 1774247946.5451431
[2026-03-23 06:39:07.550] Topic: set/cruise | Payload: 1774247947.547997
[2026-03-23 06:39:08.560] Topic: set/cruise | Payload: 1774247948.5501075
[2026-03-23 06:39:09.563] Topic: set/cruise | Payload: 1774247949.5516355
[2026-03-23 06:39:10.575] Topic: set/cruise | Payload: 1774247950.5533543
[2026-03-23 06:39:11.560] Topic: set/cruise | Payload: 1774247951.5542278
[2026-03-23 06:39:12.570] Topic: set/cruise | Payload: 1774247952.555602
[2026-03-23 06:39:13.566] Topic: set/cruise | Payload: 1774247953.5580442
[2026-03-23 06:39:14.567] Topic: set/cruise | Payload: 1774247954.5604367
[2026-03-23 06:39:15.571] Topic: set/cruise | Payload: 1774247955.561821
[2026-03-23 06:39:16.567] Topic: set/cruise | Payload: 1774247956.562834
[2026-03-23 06:39:17.571] Topic: set/cruise | Payload: 1774247957.5644684
[2026-03-23 06:39:18.572] Topic: set/cruise | Payload: 1774247958.56672
[2026-03-23 06:39:19.576] Topic: set/cruise | Payload: 1774247959.5682678
[2026-03-23 06:39:20.588] Topic: set/cruise | Payload: 1774247960.571684
[2026-03-23 06:39:21.590] Topic: set/cruise | Payload: 1774247961.5767002
[2026-03-23 06:39:22.595] Topic: set/cruise | Payload: 1774247962.578511
[2026-03-23 06:39:23.599] Topic: set/cruise | Payload: 1774247963.5793374
[2026-03-23 06:39:24.599] Topic: set/cruise | Payload: 1774247964.5797634
[2026-03-23 06:39:25.589] Topic: set/cruise | Payload: 1774247965.5819128
[2026-03-23 06:39:26.592] Topic: set/cruise | Payload: 1774247966.5838509
[2026-03-23 06:39:27.593] Topic: set/cruise | Payload: 1774247967.5860252
[2026-03-23 06:39:28.594] Topic: set/cruise | Payload: 1774247968.587365
[2026-03-23 06:39:29.597] Topic: set/cruise | Payload: 1774247969.5890489
[2026-03-23 06:39:30.601] Topic: set/cruise | Payload: 1774247970.589549
[2026-03-23 06:39:31.599] Topic: set/cruise | Payload: 1774247971.590944
[2026-03-23 06:39:32.606] Topic: set/cruise | Payload: 1774247972.5931704
[2026-03-23 06:39:33.601] Topic: set/cruise | Payload: 1774247973.594867
[2026-03-23 06:39:34.606] Topic: set/cruise | Payload: 1774247974.5976505
[2026-03-23 06:39:35.612] Topic: set/cruise | Payload: 1774247975.5987384
[2026-03-23 06:39:36.610] Topic: set/cruise | Payload: 1774247976.6006455
[2026-03-23 06:39:37.607] Topic: set/cruise | Payload: 1774247977.601063
[2026-03-23 06:39:38.613] Topic: set/cruise | Payload: 1774247978.6016808
[2026-03-23 06:39:39.606] Topic: set/cruise | Payload: 1774247979.6032593
[2026-03-23 06:39:40.619] Topic: set/cruise | Payload: 1774247980.6041799
[2026-03-23 06:39:41.616] Topic: set/cruise | Payload: 1774247981.6051373
[2026-03-23 06:39:42.624] Topic: set/cruise | Payload: 1774247982.6061838
[2026-03-23 06:39:43.616] Topic: set/cruise | Payload: 1774247983.6070547
[2026-03-23 06:39:44.616] Topic: set/cruise | Payload: 1774247984.6078737
[2026-03-23 06:39:45.626] Topic: set/cruise | Payload: 1774247985.6091578
[2026-03-23 06:39:46.617] Topic: set/cruise | Payload: 1774247986.6094284
[2026-03-23 06:39:47.628] Topic: set/cruise | Payload: 1774247987.6149268
[2026-03-23 06:39:48.620] Topic: set/cruise | Payload: 1774247988.6152754
[2026-03-23 06:39:49.622] Topic: set/cruise | Payload: 1774247989.6163745
[2026-03-23 06:39:50.620] Topic: set/cruise | Payload: 1774247990.6171062
[2026-03-23 06:39:51.621] Topic: set/cruise | Payload: 1774247991.6184897
[2026-03-23 06:39:52.622] Topic: set/cruise | Payload: 1774247992.6192956
[2026-03-23 06:39:53.626] Topic: set/cruise | Payload: 1774247993.620829
[2026-03-23 06:39:54.635] Topic: set/cruise | Payload: 1774247994.6211314
[2026-03-23 06:39:55.631] Topic: set/cruise | Payload: 1774247995.6220403
[2026-03-23 06:39:56.629] Topic: set/cruise | Payload: 1774247996.6222713
[2026-03-23 06:39:57.627] Topic: set/cruise | Payload: 1774247997.6233943